transaction_id,customer_id,date,time,description,payee,amount,channel
T_C007_0002,C007,2026-06-07,12:54:00,Payment to Payee_A_C007,Payee_A_C007,26.79,Web
T_C006_0001,C006,2026-06-07,13:01:00,Payment to Payee_B_C006,Payee_B_C006,77.59,Web
T_C005_0002,C005,2026-06-07,13:19:00,Payment to Payee_C_C005,Payee_C_C005,91.54,Web
T_C005_0001,C005,2026-06-07,14:15:00,Payment to Payee_B_C005,Payee_B_C005,72.54,Web
T_C003_0001,C003,2026-06-07,14:36:00,Payment to Payee_B_C003,Payee_B_C003,60.25,Web
T_C004_0001,C004,2026-06-07,15:56:00,Payment to Payee_A_C004,Payee_A_C004,58.94,Web
T_C002_0001,C002,2026-06-07,18:05:00,Payment to Payee_C_C002,Payee_C_C002,49.73,Web
T_C007_0001,C007,2026-06-07,20:13:00,Payment to Payee_B_C007,Payee_B_C007,73.27,Web
T_C004_0002,C004,2026-06-08,08:25:00,Payment to Payee_A_C004,Payee_A_C004,80.28,Web
T_C003_0003,C003,2026-06-08,08:36:00,Payment to Payee_C_C003,Payee_C_C003,131.11,Web
T_C003_0002,C003,2026-06-08,08:53:00,Payment to Payee_B_C003,Payee_B_C003,102.15,Web
T_C006_0002,C006,2026-06-08,09:07:00,Payment to Payee_C_C006,Payee_C_C006,126.38,Web
T_C002_0002,C002,2026-06-08,09:52:00,Payment to Payee_A_C002,Payee_A_C002,143.28,Web
T_C006_0003,C006,2026-06-08,10:22:00,Payment to Payee_B_C006,Payee_B_C006,53.66,Web
T_C007_0004,C007,2026-06-08,13:09:00,Payment to Payee_A_C007,Payee_A_C007,22.77,Web
T_C004_0004,C004,2026-06-08,13:59:00,Payment to Payee_C_C004,Payee_C_C004,23.87,Web
T_C004_0003,C004,2026-06-08,14:05:00,Payment to Payee_A_C004,Payee_A_C004,62.49,Web
T_C002_0003,C002,2026-06-08,18:19:00,Payment to Payee_A_C002,Payee_A_C002,41.45,Web
T_C007_0003,C007,2026-06-08,19:44:00,Payment to Payee_A_C007,Payee_A_C007,94.46,Web
T_C006_0004,C006,2026-06-08,20:13:00,Payment to Payee_B_C006,Payee_B_C006,82.96,Web
T_C002_0004,C002,2026-06-09,08:02:00,Payment to Payee_B_C002,Payee_B_C002,44.28,Web
T_C006_0007,C006,2026-06-09,09:01:00,Payment to Payee_C_C006,Payee_C_C006,128.89,Web
T_C006_0005,C006,2026-06-09,09:28:00,Payment to Payee_B_C006,Payee_B_C006,111.08,Web
T_C001_0001,C001,2026-06-09,11:14:00,Payment to Payee_A_C001,Payee_A_C001,29.54,Web
T_C007_0006,C007,2026-06-09,12:52:00,Payment to Payee_A_C007,Payee_A_C007,148.69,Web
T_C006_0006,C006,2026-06-09,13:04:00,Payment to Payee_C_C006,Payee_C_C006,52.04,Web
T_C007_0005,C007,2026-06-09,14:32:00,Payment to Payee_B_C007,Payee_B_C007,16.85,Web
T_C004_0006,C004,2026-06-09,15:44:00,Payment to Payee_C_C004,Payee_C_C004,126.36,Web
T_C005_0004,C005,2026-06-09,18:07:00,Payment to Payee_A_C005,Payee_A_C005,75.16,Web
T_C005_0003,C005,2026-06-09,18:23:00,Payment to Payee_A_C005,Payee_A_C005,106.99,Web
T_C001_0002,C001,2026-06-09,18:47:00,Payment to Payee_A_C001,Payee_A_C001,134.91,Web
T_C004_0005,C004,2026-06-09,20:09:00,Payment to Payee_B_C004,Payee_B_C004,29.26,Web
T_C001_0003,C001,2026-06-10,08:01:00,Payment to Payee_A_C001,Payee_A_C001,23.12,Web
T_C004_0008,C004,2026-06-10,08:16:00,Payment to Payee_A_C004,Payee_A_C004,40.19,Web
T_C007_0009,C007,2026-06-10,09:00:00,Payment to Payee_A_C007,Payee_A_C007,18.63,Web
T_C007_0008,C007,2026-06-10,09:29:00,Payment to Payee_A_C007,Payee_A_C007,24.27,Web
T_C005_0007,C005,2026-06-10,12:23:00,Payment to Payee_A_C005,Payee_A_C005,96.05,Web
T_C003_0004,C003,2026-06-10,12:49:00,Payment to Payee_C_C003,Payee_C_C003,121.84,Web
T_C007_0007,C007,2026-06-10,15:35:00,Payment to Payee_A_C007,Payee_A_C007,114.73,Web
T_C004_0007,C004,2026-06-10,15:39:00,Payment to Payee_A_C004,Payee_A_C004,10.74,Web
T_C001_0004,C001,2026-06-10,16:38:00,Payment to Payee_A_C001,Payee_A_C001,13.72,Web
T_C004_0009,C004,2026-06-10,16:46:00,Payment to Payee_B_C004,Payee_B_C004,95.24,Web
T_C003_0006,C003,2026-06-10,17:16:00,Payment to Payee_C_C003,Payee_C_C003,104.89,Web
T_C005_0005,C005,2026-06-10,18:32:00,Payment to Payee_C_C005,Payee_C_C005,139.23,Web
T_C001_0005,C001,2026-06-10,19:41:00,Payment to Payee_B_C001,Payee_B_C001,108.19,Web
T_C005_0006,C005,2026-06-10,20:19:00,Payment to Payee_C_C005,Payee_C_C005,106.64,Web
T_C003_0005,C003,2026-06-10,20:22:00,Payment to Payee_A_C003,Payee_A_C003,40.66,Web
T_C002_0007,C002,2026-06-11,11:09:00,Payment to Payee_A_C002,Payee_A_C002,101.85,Web
T_C007_0010,C007,2026-06-11,11:52:00,Payment to Payee_C_C007,Payee_C_C007,66.08,Web
T_C002_0005,C002,2026-06-11,14:56:00,Payment to Payee_A_C002,Payee_A_C002,98.17,Web
T_C005_0008,C005,2026-06-11,15:09:00,Payment to Payee_C_C005,Payee_C_C005,73.7,Web
T_C001_0006,C001,2026-06-11,15:37:00,Payment to Payee_A_C001,Payee_A_C001,48.95,Web
T_C003_0007,C003,2026-06-11,18:06:00,Payment to Payee_C_C003,Payee_C_C003,136.48,Web
T_C006_0008,C006,2026-06-11,19:15:00,Payment to Payee_C_C006,Payee_C_C006,82.24,Web
T_C002_0006,C002,2026-06-11,19:44:00,Payment to Payee_B_C002,Payee_B_C002,63.76,Web
T_C004_0010,C004,2026-06-12,11:19:00,Payment to Payee_A_C004,Payee_A_C004,27.06,Web
T_C006_0009,C006,2026-06-12,13:35:00,Payment to Payee_B_C006,Payee_B_C006,69.69,Web
T_C004_0011,C004,2026-06-12,14:40:00,Payment to Payee_B_C004,Payee_B_C004,121.15,Web
T_C005_0009,C005,2026-06-12,14:44:00,Payment to Payee_B_C005,Payee_B_C005,86.89,Web
T_C001_0007,C001,2026-06-12,19:27:00,Payment to Payee_A_C001,Payee_A_C001,57.64,Web
T_C005_0010,C005,2026-06-12,20:34:00,Payment to Payee_A_C005,Payee_A_C005,122.28,Web
T_C007_0011,C007,2026-06-13,09:01:00,Payment to Payee_A_C007,Payee_A_C007,149.6,Web
T_C002_0010,C002,2026-06-13,09:29:00,Payment to Payee_B_C002,Payee_B_C002,28.67,Web
T_C002_0008,C002,2026-06-13,11:11:00,Payment to Payee_C_C002,Payee_C_C002,122.58,Web
T_C002_0009,C002,2026-06-13,16:29:00,Payment to Payee_A_C002,Payee_A_C002,17.03,Web
T_C007_0012,C007,2026-06-13,18:28:00,Payment to Payee_A_C007,Payee_A_C007,123.3,Web
T_C005_0011,C005,2026-06-13,18:48:00,Payment to Payee_A_C005,Payee_A_C005,93.41,Web
T_C003_0009,C003,2026-06-13,19:08:00,Payment to Payee_B_C003,Payee_B_C003,22.62,Web
T_C001_0008,C001,2026-06-13,20:21:00,Payment to Payee_B_C001,Payee_B_C001,24.31,Web
T_C006_0010,C006,2026-06-13,20:25:00,Payment to Payee_A_C006,Payee_A_C006,98.17,Web
T_C003_0008,C003,2026-06-13,20:28:00,Payment to Payee_B_C003,Payee_B_C003,14.67,Web
T_C007_0013,C007,2026-06-14,09:02:00,Payment to Payee_A_C007,Payee_A_C007,141.92,Web
T_C005_0013,C005,2026-06-14,09:03:00,Payment to Payee_C_C005,Payee_C_C005,126.03,Web
T_C007_0014,C007,2026-06-14,10:59:00,Payment to Payee_C_C007,Payee_C_C007,90.34,Web
T_C005_0014,C005,2026-06-14,11:36:00,Payment to Payee_A_C005,Payee_A_C005,85.13,Web
T_C006_0011,C006,2026-06-14,14:01:00,Payment to Payee_A_C006,Payee_A_C006,113.23,Web
T_C006_0012,C006,2026-06-14,15:37:00,Payment to Payee_A_C006,Payee_A_C006,70.14,Web
T_C002_0012,C002,2026-06-14,16:27:00,Payment to Payee_C_C002,Payee_C_C002,126.28,Web
T_C005_0012,C005,2026-06-14,16:45:00,Payment to Payee_C_C005,Payee_C_C005,60.65,Web
T_C006_0013,C006,2026-06-14,19:13:00,Payment to Payee_C_C006,Payee_C_C006,38.81,Web
T_C003_0010,C003,2026-06-14,19:26:00,Payment to Payee_A_C003,Payee_A_C003,34.59,Web
T_C003_0011,C003,2026-06-14,20:34:00,Payment to Payee_B_C003,Payee_B_C003,132.7,Web
T_C002_0011,C002,2026-06-14,20:57:00,Payment to Payee_C_C002,Payee_C_C002,71.96,Web
T_C003_0012,C003,2026-06-15,10:16:00,Payment to Payee_B_C003,Payee_B_C003,137.97,Web
T_C007_0016,C007,2026-06-15,10:22:00,Payment to Payee_A_C007,Payee_A_C007,40.06,Web
T_C002_0013,C002,2026-06-15,10:47:00,Payment to Payee_B_C002,Payee_B_C002,130.61,Web
T_C007_0017,C007,2026-06-15,12:17:00,Payment to Payee_A_C007,Payee_A_C007,72.44,Web
T_C002_0014,C002,2026-06-15,12:48:00,Payment to Payee_C_C002,Payee_C_C002,44.61,Web
T_C002_0015,C002,2026-06-15,12:49:00,Payment to Payee_B_C002,Payee_B_C002,118.87,Web
T_C001_0009,C001,2026-06-15,13:38:00,Payment to Payee_A_C001,Payee_A_C001,47.03,Web
T_C004_0014,C004,2026-06-15,14:00:00,Payment to Payee_A_C004,Payee_A_C004,96.07,Web
T_C007_0015,C007,2026-06-15,15:01:00,Payment to Payee_B_C007,Payee_B_C007,63.58,Web
T_C005_0015,C005,2026-06-15,16:28:00,Payment to Payee_A_C005,Payee_A_C005,26.27,Web
T_C004_0013,C004,2026-06-15,17:15:00,Payment to Payee_B_C004,Payee_B_C004,110.6,Web
T_C004_0012,C004,2026-06-15,17:34:00,Payment to Payee_C_C004,Payee_C_C004,12.3,Web
T_C001_0010,C001,2026-06-15,19:29:00,Payment to Payee_B_C001,Payee_B_C001,85.07,Web
T_C005_0016,C005,2026-06-15,19:37:00,Payment to Payee_C_C005,Payee_C_C005,78.44,Web
T_C003_0013,C003,2026-06-15,20:18:00,Payment to Payee_B_C003,Payee_B_C003,114.52,Web
T_C004_0015,C004,2026-06-16,10:42:00,Payment to Payee_C_C004,Payee_C_C004,103.55,Web
T_C002_0016,C002,2026-06-16,12:28:00,Payment to Payee_B_C002,Payee_B_C002,20.85,Web
T_C004_0016,C004,2026-06-16,13:04:00,Payment to Payee_C_C004,Payee_C_C004,143.48,Web
T_C005_0018,C005,2026-06-16,14:29:00,Payment to Payee_C_C005,Payee_C_C005,88.95,Web
T_C005_0019,C005,2026-06-16,15:43:00,Payment to Payee_C_C005,Payee_C_C005,122.97,Web
T_C004_0017,C004,2026-06-16,16:50:00,Payment to Payee_C_C004,Payee_C_C004,148.37,Web
T_C005_0017,C005,2026-06-16,20:03:00,Payment to Payee_C_C005,Payee_C_C005,73.48,Web
T_C003_0014,C003,2026-06-17,09:09:00,Payment to Payee_A_C003,Payee_A_C003,115.58,Web
T_C002_0017,C002,2026-06-17,12:21:00,Payment to Payee_C_C002,Payee_C_C002,54.76,Web
T_C006_0014,C006,2026-06-17,13:20:00,Payment to Payee_A_C006,Payee_A_C006,37.59,Web
T_C001_0012,C001,2026-06-17,17:12:00,Payment to Payee_A_C001,Payee_A_C001,108.64,Web
T_C007_0018,C007,2026-06-17,18:18:00,Payment to Payee_C_C007,Payee_C_C007,79.84,Web
T_C001_0011,C001,2026-06-17,18:39:00,Payment to Payee_B_C001,Payee_B_C001,133.96,Web
T_C003_0015,C003,2026-06-17,18:46:00,Payment to Payee_B_C003,Payee_B_C003,104.42,Web
T_C003_0016,C003,2026-06-17,20:35:00,Payment to Payee_B_C003,Payee_B_C003,61.21,Web
T_C007_0019,C007,2026-06-18,08:05:00,Payment to Payee_A_C007,Payee_A_C007,49.17,Web
T_C007_0021,C007,2026-06-18,11:40:00,Payment to Payee_C_C007,Payee_C_C007,149.17,Web
T_C004_0019,C004,2026-06-18,12:47:00,Payment to Payee_A_C004,Payee_A_C004,12.27,Web
T_C005_0020,C005,2026-06-18,12:52:00,Payment to Payee_A_C005,Payee_A_C005,10.42,Web
T_C004_0020,C004,2026-06-18,13:15:00,Payment to Payee_C_C004,Payee_C_C004,112.61,Web
T_C006_0016,C006,2026-06-18,13:38:00,Payment to Payee_B_C006,Payee_B_C006,64.41,Web
T_C007_0020,C007,2026-06-18,14:12:00,Payment to Payee_C_C007,Payee_C_C007,99.97,Web
T_C004_0018,C004,2026-06-18,15:02:00,Payment to Payee_B_C004,Payee_B_C004,98.99,Web
T_C005_0021,C005,2026-06-18,17:04:00,Payment to Payee_B_C005,Payee_B_C005,16.34,Web
T_C006_0015,C006,2026-06-18,18:55:00,Payment to Payee_C_C006,Payee_C_C006,78.53,Web
T_C005_0022,C005,2026-06-18,19:04:00,Payment to Payee_A_C005,Payee_A_C005,85.76,Web
T_C001_0013,C001,2026-06-18,20:18:00,Payment to Payee_A_C001,Payee_A_C001,147.93,Web
T_C002_0018,C002,2026-06-19,10:14:00,Payment to Payee_A_C002,Payee_A_C002,63.62,Web
T_C003_0017,C003,2026-06-19,16:07:00,Payment to Payee_C_C003,Payee_C_C003,73.67,Web
T_C003_0018,C003,2026-06-19,19:43:00,Payment to Payee_B_C003,Payee_B_C003,46.7,Web
T_C005_0023,C005,2026-06-20,08:18:00,Payment to Payee_A_C005,Payee_A_C005,67.24,Web
T_C002_0019,C002,2026-06-20,09:26:00,Payment to Payee_C_C002,Payee_C_C002,67.06,Web
T_C003_0019,C003,2026-06-20,09:43:00,Payment to Payee_A_C003,Payee_A_C003,42.74,Web
T_C004_0021,C004,2026-06-20,10:02:00,Payment to Payee_B_C004,Payee_B_C004,59.32,Web
T_C001_0015,C001,2026-06-20,10:23:00,Payment to Payee_C_C001,Payee_C_C001,59.74,Web
T_C001_0014,C001,2026-06-20,12:29:00,Payment to Payee_B_C001,Payee_B_C001,99.0,Web
T_C001_0016,C001,2026-06-20,12:44:00,Payment to Payee_C_C001,Payee_C_C001,141.13,Web
T_C006_0017,C006,2026-06-20,13:54:00,Payment to Payee_A_C006,Payee_A_C006,74.1,Web
T_C005_0025,C005,2026-06-20,14:23:00,Payment to Payee_B_C005,Payee_B_C005,149.0,Web
T_C007_0024,C007,2026-06-20,16:20:00,Payment to Payee_A_C007,Payee_A_C007,64.37,Web
T_C003_0020,C003,2026-06-20,17:56:00,Payment to Payee_B_C003,Payee_B_C003,142.04,Web
T_C004_0022,C004,2026-06-20,18:11:00,Payment to Payee_C_C004,Payee_C_C004,126.25,Web
T_C006_0018,C006,2026-06-20,18:45:00,Payment to Payee_C_C006,Payee_C_C006,122.09,Web
T_C007_0023,C007,2026-06-20,20:31:00,Payment to Payee_C_C007,Payee_C_C007,58.16,Web
T_C005_0024,C005,2026-06-20,20:41:00,Payment to Payee_C_C005,Payee_C_C005,146.97,Web
T_C007_0022,C007,2026-06-20,20:45:00,Payment to Payee_C_C007,Payee_C_C007,60.28,Web
T_C004_0025,C004,2026-06-21,08:18:00,Payment to Payee_A_C004,Payee_A_C004,38.22,Web
T_C002_0022,C002,2026-06-21,08:54:00,Payment to Payee_C_C002,Payee_C_C002,133.29,Web
T_C005_0028,C005,2026-06-21,09:11:00,Payment to Payee_B_C005,Payee_B_C005,149.0,Web
T_C004_0024,C004,2026-06-21,09:45:00,Payment to Payee_B_C004,Payee_B_C004,118.67,Web
T_C002_0020,C002,2026-06-21,14:03:00,Payment to Payee_B_C002,Payee_B_C002,38.96,Web
T_C005_0026,C005,2026-06-21,14:24:00,Payment to Payee_C_C005,Payee_C_C005,21.23,Web
T_C002_0021,C002,2026-06-21,14:57:00,Payment to Payee_C_C002,Payee_C_C002,117.77,Web
T_C005_0027,C005,2026-06-21,16:08:00,Payment to Payee_B_C005,Payee_B_C005,101.49,Web
T_C003_0021,C003,2026-06-21,18:04:00,Payment to Payee_B_C003,Payee_B_C003,98.96,Web
T_C004_0023,C004,2026-06-21,19:30:00,Payment to Payee_A_C004,Payee_A_C004,98.44,Web
T_C003_0023,C003,2026-06-22,08:19:00,Payment to Payee_A_C003,Payee_A_C003,149.43,Web
T_C007_0026,C007,2026-06-22,08:51:00,Payment to Payee_C_C007,Payee_C_C007,148.81,Web
T_C006_0019,C006,2026-06-22,13:07:00,Payment to Payee_A_C006,Payee_A_C006,43.4,Web
T_C002_0023,C002,2026-06-22,15:00:00,Payment to Payee_B_C002,Payee_B_C002,141.98,Web
T_C001_0017,C001,2026-06-22,16:46:00,Payment to Payee_B_C001,Payee_B_C001,44.27,Web
T_C002_0025,C002,2026-06-22,16:47:00,Payment to Payee_C_C002,Payee_C_C002,112.85,Web
T_C007_0025,C007,2026-06-22,17:14:00,Payment to Payee_B_C007,Payee_B_C007,14.1,Web
T_C003_0022,C003,2026-06-22,18:26:00,Payment to Payee_A_C003,Payee_A_C003,26.33,Web
T_C005_0029,C005,2026-06-22,19:14:00,Payment to Payee_A_C005,Payee_A_C005,126.88,Web
T_C002_0024,C002,2026-06-22,20:24:00,Payment to Payee_B_C002,Payee_B_C002,129.48,Web
T_C007_0028,C007,2026-06-23,09:15:00,Payment to Payee_B_C007,Payee_B_C007,101.96,Web
T_C001_0019,C001,2026-06-23,11:43:00,Payment to Payee_A_C001,Payee_A_C001,55.4,Web
T_C001_0020,C001,2026-06-23,11:52:00,Payment to Payee_B_C001,Payee_B_C001,14.49,Web
T_C004_0026,C004,2026-06-23,12:32:00,Payment to Payee_C_C004,Payee_C_C004,65.75,Web
T_C001_0018,C001,2026-06-23,12:59:00,Payment to Payee_C_C001,Payee_C_C001,99.6,Web
T_C006_0020,C006,2026-06-23,13:44:00,Payment to Payee_B_C006,Payee_B_C006,29.79,Web
T_C002_0026,C002,2026-06-23,15:14:00,Payment to Payee_B_C002,Payee_B_C002,48.21,Web
T_C004_0027,C004,2026-06-23,15:16:00,Payment to Payee_C_C004,Payee_C_C004,15.13,Web
T_C005_0030,C005,2026-06-23,15:43:00,Payment to Payee_B_C005,Payee_B_C005,110.67,Web
T_C005_0031,C005,2026-06-23,16:24:00,Payment to Payee_A_C005,Payee_A_C005,125.27,Web
T_C007_0027,C007,2026-06-23,20:37:00,Payment to Payee_A_C007,Payee_A_C007,149.94,Web
T_C006_0022,C006,2026-06-24,10:31:00,Payment to Payee_C_C006,Payee_C_C006,98.97,Web
T_C001_0021,C001,2026-06-24,12:04:00,Payment to Payee_C_C001,Payee_C_C001,39.54,Web
T_C004_0028,C004,2026-06-24,12:22:00,Payment to Payee_A_C004,Payee_A_C004,130.7,Web
T_C005_0032,C005,2026-06-24,13:09:00,Payment to Payee_C_C005,Payee_C_C005,48.59,Web
T_C005_0034,C005,2026-06-24,14:39:00,Payment to Payee_A_C005,Payee_A_C005,117.25,Web
T_C001_0023,C001,2026-06-24,14:56:00,Payment to Payee_B_C001,Payee_B_C001,138.04,Web
T_C003_0024,C003,2026-06-24,16:08:00,Payment to Payee_B_C003,Payee_B_C003,64.41,Web
T_C006_0021,C006,2026-06-24,17:08:00,Payment to Payee_B_C006,Payee_B_C006,90.47,Web
T_C006_0023,C006,2026-06-24,18:59:00,Payment to Payee_C_C006,Payee_C_C006,149.99,Web
T_C001_0022,C001,2026-06-24,19:20:00,Payment to Payee_B_C001,Payee_B_C001,39.77,Web
T_C005_0033,C005,2026-06-24,20:07:00,Payment to Payee_C_C005,Payee_C_C005,14.51,Web
T_C005_0035,C005,2026-06-25,11:04:00,Payment to Payee_A_C005,Payee_A_C005,24.13,Web
T_C004_0029,C004,2026-06-25,12:07:00,Payment to Payee_B_C004,Payee_B_C004,121.91,Web
T_C001_0024,C001,2026-06-25,12:08:00,Payment to Payee_C_C001,Payee_C_C001,44.53,Web
T_C002_0027,C002,2026-06-25,13:42:00,Payment to Payee_B_C002,Payee_B_C002,105.08,Web
T_C003_0027,C003,2026-06-25,14:17:00,Payment to Payee_B_C003,Payee_B_C003,14.58,Web
T_C004_0030,C004,2026-06-25,14:47:00,Payment to Payee_B_C004,Payee_B_C004,71.56,Web
T_C006_0024,C006,2026-06-25,15:18:00,Payment to Payee_B_C006,Payee_B_C006,29.64,Web
T_C002_0029,C002,2026-06-25,17:34:00,Payment to Payee_B_C002,Payee_B_C002,13.78,Web
T_C003_0025,C003,2026-06-25,17:47:00,Payment to Payee_B_C003,Payee_B_C003,111.72,Web
T_C007_0029,C007,2026-06-25,17:54:00,Payment to Payee_B_C007,Payee_B_C007,147.57,Web
T_C003_0026,C003,2026-06-25,18:06:00,Payment to Payee_C_C003,Payee_C_C003,126.72,Web
T_C002_0028,C002,2026-06-25,19:10:00,Payment to Payee_A_C002,Payee_A_C002,127.67,Web
T_C007_0030,C007,2026-06-26,10:11:00,Payment to Payee_B_C007,Payee_B_C007,43.12,Web
T_C004_0031,C004,2026-06-26,10:31:00,Payment to Payee_B_C004,Payee_B_C004,106.89,Web
T_C005_0038,C005,2026-06-26,11:34:00,Payment to Payee_A_C005,Payee_A_C005,40.42,Web
T_C005_0037,C005,2026-06-26,11:47:00,Payment to Payee_B_C005,Payee_B_C005,16.19,Web
T_C001_0026,C001,2026-06-26,14:23:00,Payment to Payee_A_C001,Payee_A_C001,40.7,Web
T_C006_0026,C006,2026-06-26,15:08:00,Payment to Payee_B_C006,Payee_B_C006,37.32,Web
T_C003_0028,C003,2026-06-26,15:28:00,Payment to Payee_B_C003,Payee_B_C003,143.08,Web
T_C006_0027,C006,2026-06-26,16:32:00,Payment to Payee_B_C006,Payee_B_C006,101.43,Web
T_C006_0025,C006,2026-06-26,17:03:00,Payment to Payee_A_C006,Payee_A_C006,131.17,Web
T_C005_0036,C005,2026-06-26,17:43:00,Payment to Payee_A_C005,Payee_A_C005,108.46,Web
T_C001_0025,C001,2026-06-26,19:37:00,Payment to Payee_C_C001,Payee_C_C001,69.98,Web
T_C004_0032,C004,2026-06-26,20:33:00,Payment to Payee_A_C004,Payee_A_C004,47.34,Web
T_C007_0031,C007,2026-06-26,20:47:00,Payment to Payee_C_C007,Payee_C_C007,107.67,Web
T_C004_0033,C004,2026-06-27,09:27:00,Payment to Payee_A_C004,Payee_A_C004,94.34,Web
T_C001_0027,C001,2026-06-27,09:48:00,Payment to Payee_A_C001,Payee_A_C001,16.6,Web
T_C006_0029,C006,2026-06-27,10:05:00,Payment to Payee_A_C006,Payee_A_C006,89.16,Web
T_C001_0028,C001,2026-06-27,10:40:00,Payment to Payee_C_C001,Payee_C_C001,32.4,Web
T_C006_0030,C006,2026-06-27,12:02:00,Payment to Payee_C_C006,Payee_C_C006,48.48,Web
T_C004_0035,C004,2026-06-27,13:42:00,Payment to Payee_B_C004,Payee_B_C004,51.39,Web
T_C001_0029,C001,2026-06-27,14:38:00,Payment to Payee_B_C001,Payee_B_C001,18.89,Web
T_C006_0028,C006,2026-06-27,14:45:00,Payment to Payee_B_C006,Payee_B_C006,127.58,Web
T_C004_0034,C004,2026-06-27,16:18:00,Payment to Payee_A_C004,Payee_A_C004,54.97,Web
T_C005_0039,C005,2026-06-27,16:18:00,Payment to Payee_C_C005,Payee_C_C005,42.78,Web
T_C003_0030,C003,2026-06-28,08:25:00,Payment to Payee_A_C003,Payee_A_C003,48.62,Web
T_C004_0037,C004,2026-06-28,08:46:00,Payment to Payee_B_C004,Payee_B_C004,131.81,Web
T_C004_0036,C004,2026-06-28,10:44:00,Payment to Payee_B_C004,Payee_B_C004,72.15,Web
T_C006_0031,C006,2026-06-28,10:49:00,Payment to Payee_C_C006,Payee_C_C006,74.02,Web
T_C002_0030,C002,2026-06-28,10:55:00,Payment to Payee_A_C002,Payee_A_C002,74.64,Web
T_C005_0041,C005,2026-06-28,11:19:00,Payment to Payee_C_C005,Payee_C_C005,132.68,Web
T_C002_0031,C002,2026-06-28,12:24:00,Payment to Payee_B_C002,Payee_B_C002,55.83,Web
T_C002_0032,C002,2026-06-28,13:21:00,Payment to Payee_B_C002,Payee_B_C002,116.57,Web
T_C001_0030,C001,2026-06-28,16:16:00,Payment to Payee_A_C001,Payee_A_C001,145.95,Web
T_C003_0029,C003,2026-06-28,16:57:00,Payment to Payee_B_C003,Payee_B_C003,146.9,Web
T_C004_0038,C004,2026-06-28,17:27:00,Payment to Payee_A_C004,Payee_A_C004,48.44,Web
T_C007_0032,C007,2026-06-28,17:36:00,Payment to Payee_A_C007,Payee_A_C007,29.89,Web
T_C005_0040,C005,2026-06-28,17:38:00,Payment to Payee_B_C005,Payee_B_C005,118.16,Web
T_C001_0031,C001,2026-06-28,18:46:00,Payment to Payee_C_C001,Payee_C_C001,26.04,Web
T_C001_0032,C001,2026-06-28,20:17:00,Payment to Payee_B_C001,Payee_B_C001,117.6,Web
T_C006_0032,C006,2026-06-28,20:49:00,Payment to Payee_C_C006,Payee_C_C006,79.34,Web
T_C007_0033,C007,2026-06-28,20:56:00,Payment to Payee_C_C007,Payee_C_C007,145.85,Web
T_C003_0031,C003,2026-06-29,09:42:00,Payment to Payee_C_C003,Payee_C_C003,39.69,Web
T_C007_0034,C007,2026-06-29,10:31:00,Payment to Payee_A_C007,Payee_A_C007,15.31,Web
T_C003_0033,C003,2026-06-29,11:08:00,Payment to Payee_A_C003,Payee_A_C003,120.18,Web
T_C007_0035,C007,2026-06-29,11:38:00,Payment to Payee_C_C007,Payee_C_C007,40.63,Web
T_C005_0042,C005,2026-06-29,14:19:00,Payment to Payee_C_C005,Payee_C_C005,48.52,Web
T_C002_0034,C002,2026-06-29,15:01:00,Payment to Payee_A_C002,Payee_A_C002,114.86,Web
T_C003_0032,C003,2026-06-29,17:01:00,Payment to Payee_B_C003,Payee_B_C003,17.08,Web
T_C002_0033,C002,2026-06-29,20:53:00,Payment to Payee_A_C002,Payee_A_C002,69.02,Web
T_C007_0036,C007,2026-06-30,08:21:00,Payment to Payee_A_C007,Payee_A_C007,138.51,Web
T_C002_0036,C002,2026-06-30,08:48:00,Payment to Payee_A_C002,Payee_A_C002,14.34,Web
T_C004_0040,C004,2026-06-30,10:01:00,Payment to Payee_C_C004,Payee_C_C004,29.99,Web
T_C002_0035,C002,2026-06-30,11:41:00,Payment to Payee_C_C002,Payee_C_C002,19.61,Web
T_C004_0039,C004,2026-06-30,13:32:00,Payment to Payee_C_C004,Payee_C_C004,122.15,Web
T_C001_0033,C001,2026-06-30,14:10:00,Payment to Payee_C_C001,Payee_C_C001,73.52,Web
T_C005_0043,C005,2026-06-30,18:43:00,Payment to Payee_B_C005,Payee_B_C005,69.81,Web
T_C004_0041,C004,2026-06-30,18:50:00,Payment to Payee_A_C004,Payee_A_C004,71.34,Web
T_C001_0034,C001,2026-06-30,19:16:00,Payment to Payee_A_C001,Payee_A_C001,146.06,Web
T_C007_0037,C007,2026-06-30,20:08:00,Payment to Payee_A_C007,Payee_A_C007,57.71,Web
T_C007_0038,C007,2026-06-30,20:54:00,Payment to Payee_A_C007,Payee_A_C007,131.55,Web
T_C002_0037,C002,2026-07-01,08:39:00,Payment to Payee_A_C002,Payee_A_C002,31.33,Web
T_C006_0034,C006,2026-07-01,16:52:00,Payment to Payee_C_C006,Payee_C_C006,115.95,Web
T_C003_0034,C003,2026-07-01,17:13:00,Payment to Payee_A_C003,Payee_A_C003,123.83,Web
T_C006_0033,C006,2026-07-01,20:34:00,Payment to Payee_B_C006,Payee_B_C006,125.26,Web
T_C003_0036,C003,2026-07-02,08:17:00,Payment to Payee_A_C003,Payee_A_C003,130.18,Web
T_C002_0040,C002,2026-07-02,10:38:00,Payment to Payee_C_C002,Payee_C_C002,95.01,Web
T_C006_0037,C006,2026-07-02,12:55:00,Payment to Payee_B_C006,Payee_B_C006,149.9,Web
T_C005_0045,C005,2026-07-02,13:44:00,Payment to Payee_A_C005,Payee_A_C005,68.29,Web
T_C001_0036,C001,2026-07-02,13:48:00,Payment to Payee_C_C001,Payee_C_C001,32.62,Web
T_C002_0039,C002,2026-07-02,15:44:00,Payment to Payee_B_C002,Payee_B_C002,45.87,Web
T_C006_0035,C006,2026-07-02,16:13:00,Payment to Payee_A_C006,Payee_A_C006,148.57,Web
T_C007_0039,C007,2026-07-02,17:45:00,Payment to Payee_A_C007,Payee_A_C007,138.41,Web
T_C002_0038,C002,2026-07-02,18:07:00,Payment to Payee_A_C002,Payee_A_C002,88.96,Web
T_C001_0035,C001,2026-07-02,18:32:00,Payment to Payee_A_C001,Payee_A_C001,95.26,Web
T_C005_0044,C005,2026-07-02,18:42:00,Payment to Payee_C_C005,Payee_C_C005,63.36,Web
T_C006_0036,C006,2026-07-02,19:53:00,Payment to Payee_A_C006,Payee_A_C006,101.51,Web
T_C003_0035,C003,2026-07-02,20:09:00,Payment to Payee_C_C003,Payee_C_C003,120.41,Web
T_C004_0042,C004,2026-07-02,20:41:00,Payment to Payee_B_C004,Payee_B_C004,61.29,Web
T_C007_0040,C007,2026-07-03,09:23:00,Payment to Payee_C_C007,Payee_C_C007,108.64,Web
T_C006_0039,C006,2026-07-03,09:49:00,Payment to Payee_A_C006,Payee_A_C006,123.66,Web
T_C005_0047,C005,2026-07-03,11:54:00,Payment to Payee_C_C005,Payee_C_C005,41.55,Web
T_C006_0038,C006,2026-07-03,13:55:00,Payment to Payee_B_C006,Payee_B_C006,124.34,Web
T_C005_0046,C005,2026-07-03,14:11:00,Payment to Payee_B_C005,Payee_B_C005,115.62,Web
T_C007_0041,C007,2026-07-03,14:37:00,Payment to Payee_B_C007,Payee_B_C007,24.14,Web
T_C003_0037,C003,2026-07-03,16:16:00,Payment to Payee_A_C003,Payee_A_C003,121.79,Web
T_C007_0042,C007,2026-07-04,10:10:00,Payment to Payee_B_C007,Payee_B_C007,112.53,Web
T_C002_0041,C002,2026-07-04,12:06:00,Payment to Payee_B_C002,Payee_B_C002,91.02,Web
T_C001_0037,C001,2026-07-04,15:01:00,Payment to Payee_B_C001,Payee_B_C001,25.66,Web
T_C006_0041,C006,2026-07-04,17:08:00,Payment to Payee_A_C006,Payee_A_C006,119.88,Web
T_C004_0043,C004,2026-07-04,18:28:00,Payment to Payee_B_C004,Payee_B_C004,142.84,Web
T_C006_0040,C006,2026-07-04,19:39:00,Payment to Payee_A_C006,Payee_A_C006,98.59,Web
T_C001_0038,C001,2026-07-04,20:19:00,Payment to Payee_A_C001,Payee_A_C001,43.52,Web
T_C005_0048,C005,2026-07-04,20:29:00,Payment to Payee_C_C005,Payee_C_C005,138.06,Web
T_C007_0043,C007,2026-07-04,20:40:00,Payment to Payee_C_C007,Payee_C_C007,144.49,Web
T_C003_0038,C003,2026-07-05,08:22:00,Payment to Payee_A_C003,Payee_A_C003,120.6,Web
T_C005_0051,C005,2026-07-05,09:59:00,Payment to Payee_B_C005,Payee_B_C005,72.97,Web
T_C007_0044,C007,2026-07-05,10:45:00,Payment to Payee_C_C007,Payee_C_C007,145.62,Web
T_C004_0046,C004,2026-07-05,11:07:00,Payment to Payee_A_C004,Payee_A_C004,13.63,Web
T_C005_0050,C005,2026-07-05,11:16:00,Payment to Payee_C_C005,Payee_C_C005,38.47,Web
T_C004_0045,C004,2026-07-05,13:25:00,Payment to Payee_B_C004,Payee_B_C004,54.01,Web
T_C005_0049,C005,2026-07-05,14:35:00,Payment to Payee_B_C005,Payee_B_C005,84.2,Web
T_C002_0042,C002,2026-07-05,14:45:00,Payment to Payee_C_C002,Payee_C_C002,37.77,Web
T_C007_0045,C007,2026-07-05,17:50:00,Payment to Payee_C_C007,Payee_C_C007,59.96,Web
T_C002_0044,C002,2026-07-05,19:49:00,Payment to Payee_C_C002,Payee_C_C002,52.22,Web
T_C002_0043,C002,2026-07-05,19:53:00,Payment to Payee_A_C002,Payee_A_C002,97.81,Web
T_C004_0044,C004,2026-07-05,20:04:00,Payment to Payee_C_C004,Payee_C_C004,90.35,Web
T_C003_0039,C003,2026-07-06,08:11:00,Payment to Payee_A_C003,Payee_A_C003,47.15,Web
T_C004_0049,C004,2026-07-06,11:39:00,Payment to Payee_B_C004,Payee_B_C004,49.98,Web
T_C004_0048,C004,2026-07-06,12:49:00,Payment to Payee_B_C004,Payee_B_C004,46.44,Web
T_C006_0043,C006,2026-07-06,13:45:00,Payment to Payee_C_C006,Payee_C_C006,50.97,Web
T_C007_0046,C007,2026-07-06,14:19:00,Payment to Payee_B_C007,Payee_B_C007,112.76,Web
T_C006_0042,C006,2026-07-06,16:17:00,Payment to Payee_A_C006,Payee_A_C006,93.56,Web
T_C004_0047,C004,2026-07-06,16:24:00,Payment to Payee_A_C004,Payee_A_C004,137.9,Web
T_C003_0040,C003,2026-07-06,19:26:00,Payment to Payee_C_C003,Payee_C_C003,83.65,Web
T_C005_0052,C005,2026-07-07,08:17:00,Payment to Payee_C_C005,Payee_C_C005,62.8,Web
T_C004_0050,C004,2026-07-07,09:08:00,Payment to Payee_B_C004,Payee_B_C004,129.4,Web
T_C001_0039,C001,2026-07-07,09:48:00,Payment to Payee_A_C001,Payee_A_C001,84.58,Web
T_C001_0041,C001,2026-07-07,10:16:00,Payment to Payee_C_C001,Payee_C_C001,83.87,Web
T_C001_0040,C001,2026-07-07,10:42:00,Payment to Payee_C_C001,Payee_C_C001,76.54,Web
T_C007_0047,C007,2026-07-07,10:46:00,Payment to Payee_C_C007,Payee_C_C007,10.25,Web
T_C006_0045,C006,2026-07-07,10:48:00,Payment to Payee_A_C006,Payee_A_C006,120.0,Web
T_C006_0044,C006,2026-07-07,16:57:00,Payment to Payee_A_C006,Payee_A_C006,105.1,Web
T_C003_0043,C003,2026-07-08,08:46:00,Payment to Payee_C_C003,Payee_C_C003,119.65,Web
T_C003_0042,C003,2026-07-08,09:28:00,Payment to Payee_C_C003,Payee_C_C003,80.54,Web
T_C006_0047,C006,2026-07-08,11:09:00,Payment to Payee_A_C006,Payee_A_C006,109.6,Web
T_C007_0050,C007,2026-07-08,11:40:00,Payment to Payee_B_C007,Payee_B_C007,89.18,Web
T_C001_0042,C001,2026-07-08,11:59:00,Payment to Payee_C_C001,Payee_C_C001,85.5,Web
T_C007_0049,C007,2026-07-08,13:58:00,Payment to Payee_C_C007,Payee_C_C007,123.23,Web
T_C003_0041,C003,2026-07-08,15:49:00,Payment to Payee_C_C003,Payee_C_C003,60.69,Web
T_C002_0045,C002,2026-07-08,16:27:00,Payment to Payee_A_C002,Payee_A_C002,102.61,Web
T_C002_0046,C002,2026-07-08,16:41:00,Payment to Payee_B_C002,Payee_B_C002,57.77,Web
T_C006_0046,C006,2026-07-08,18:08:00,Payment to Payee_A_C006,Payee_A_C006,108.2,Web
T_C001_0044,C001,2026-07-08,18:41:00,Payment to Payee_C_C001,Payee_C_C001,62.28,Web
T_C001_0043,C001,2026-07-08,19:12:00,Payment to Payee_B_C001,Payee_B_C001,109.81,Web
T_C004_0051,C004,2026-07-08,19:28:00,Payment to Payee_C_C004,Payee_C_C004,149.62,Web
T_C007_0048,C007,2026-07-08,20:36:00,Payment to Payee_C_C007,Payee_C_C007,14.53,Web
T_C001_0046,C001,2026-07-09,08:37:00,Payment to Payee_C_C001,Payee_C_C001,87.55,Web
T_C001_0045,C001,2026-07-09,09:15:00,Payment to Payee_B_C001,Payee_B_C001,41.46,Web
T_C002_0047,C002,2026-07-09,09:27:00,Payment to Payee_C_C002,Payee_C_C002,144.51,Web
T_C001_0047,C001,2026-07-09,11:00:00,Payment to Payee_C_C001,Payee_C_C001,19.94,Web
T_C007_0051,C007,2026-07-09,13:47:00,Payment to Payee_B_C007,Payee_B_C007,20.89,Web
T_C006_0048,C006,2026-07-09,15:09:00,Payment to Payee_B_C006,Payee_B_C006,90.84,Web
T_C003_0044,C003,2026-07-09,15:41:00,Payment to Payee_A_C003,Payee_A_C003,144.96,Web
T_C002_0048,C002,2026-07-09,15:45:00,Payment to Payee_A_C002,Payee_A_C002,31.42,Web
T_C003_0045,C003,2026-07-09,15:54:00,Payment to Payee_C_C003,Payee_C_C003,66.23,Web
T_C004_0053,C004,2026-07-09,16:18:00,Payment to Payee_A_C004,Payee_A_C004,134.79,Web
T_C004_0052,C004,2026-07-09,18:22:00,Payment to Payee_C_C004,Payee_C_C004,109.34,Web
T_C006_0049,C006,2026-07-09,18:26:00,Payment to Payee_A_C006,Payee_A_C006,62.52,Web
T_C006_0050,C006,2026-07-09,18:50:00,Payment to Payee_A_C006,Payee_A_C006,133.22,Web
T_C002_0049,C002,2026-07-09,19:33:00,Payment to Payee_B_C002,Payee_B_C002,145.17,Web
T_C007_0052,C007,2026-07-10,10:40:00,Payment to Payee_A_C007,Payee_A_C007,133.94,Web
T_C002_0051,C002,2026-07-10,12:20:00,Payment to Payee_A_C002,Payee_A_C002,129.24,Web
T_C002_0052,C002,2026-07-10,12:56:00,Payment to Payee_B_C002,Payee_B_C002,73.11,Web
T_C002_0050,C002,2026-07-10,15:27:00,Payment to Payee_C_C002,Payee_C_C002,125.6,Web
T_C006_0052,C006,2026-07-10,15:31:00,Payment to Payee_A_C006,Payee_A_C006,55.82,Web
T_C006_0051,C006,2026-07-10,16:47:00,Payment to Payee_B_C006,Payee_B_C006,48.95,Web
T_C007_0053,C007,2026-07-10,19:42:00,Payment to Payee_B_C007,Payee_B_C007,99.47,Web
T_C004_0054,C004,2026-07-10,20:23:00,Payment to Payee_A_C004,Payee_A_C004,81.23,Web
T_C005_0053,C005,2026-07-10,20:48:00,Payment to Payee_C_C005,Payee_C_C005,92.26,Web
T_C006_0053,C006,2026-07-10,20:54:00,Payment to Payee_C_C006,Payee_C_C006,112.58,Web
T_C007_0054,C007,2026-07-11,08:16:00,Payment to Payee_C_C007,Payee_C_C007,39.36,Web
T_C007_0055,C007,2026-07-11,09:22:00,Payment to Payee_A_C007,Payee_A_C007,45.93,Web
T_C001_0048,C001,2026-07-11,09:57:00,Payment to Payee_B_C001,Payee_B_C001,14.4,Web
T_C002_0054,C002,2026-07-11,10:31:00,Payment to Payee_B_C002,Payee_B_C002,39.7,Web
T_C006_0056,C006,2026-07-11,11:31:00,Payment to Payee_B_C006,Payee_B_C006,47.6,Web
T_C003_0048,C003,2026-07-11,12:39:00,Payment to Payee_C_C003,Payee_C_C003,98.63,Web
T_C002_0053,C002,2026-07-11,13:01:00,Payment to Payee_B_C002,Payee_B_C002,79.2,Web
T_C002_0055,C002,2026-07-11,13:17:00,Payment to Payee_C_C002,Payee_C_C002,133.24,Web
T_C003_0047,C003,2026-07-11,13:38:00,Payment to Payee_A_C003,Payee_A_C003,30.77,Web
T_C005_0054,C005,2026-07-11,15:13:00,Payment to Payee_B_C005,Payee_B_C005,131.73,Web
T_C006_0054,C006,2026-07-11,18:42:00,Payment to Payee_A_C006,Payee_A_C006,107.62,Web
T_C007_0056,C007,2026-07-11,19:00:00,Payment to Payee_B_C007,Payee_B_C007,16.74,Web
T_C003_0046,C003,2026-07-11,19:58:00,Payment to Payee_A_C003,Payee_A_C003,72.1,Web
T_C004_0055,C004,2026-07-11,20:08:00,Payment to Payee_B_C004,Payee_B_C004,43.14,Web
T_C006_0055,C006,2026-07-11,20:34:00,Payment to Payee_B_C006,Payee_B_C006,65.68,Web
T_C005_0055,C005,2026-07-12,08:13:00,Payment to Payee_C_C005,Payee_C_C005,141.2,Web
T_C002_0057,C002,2026-07-12,09:15:00,Payment to Payee_B_C002,Payee_B_C002,110.81,Web
T_C005_0056,C005,2026-07-12,09:47:00,Payment to Payee_B_C005,Payee_B_C005,149.94,Web
T_C007_0057,C007,2026-07-12,10:56:00,Payment to Payee_B_C007,Payee_B_C007,67.96,Web
T_C007_0058,C007,2026-07-12,13:34:00,Payment to Payee_B_C007,Payee_B_C007,62.55,Web
T_C003_0049,C003,2026-07-12,14:38:00,Payment to Payee_B_C003,Payee_B_C003,84.28,Web
T_C002_0056,C002,2026-07-12,16:00:00,Payment to Payee_A_C002,Payee_A_C002,82.33,Web
T_C006_0057,C006,2026-07-12,16:36:00,Payment to Payee_B_C006,Payee_B_C006,28.28,Web
T_C003_0050,C003,2026-07-12,16:38:00,Payment to Payee_C_C003,Payee_C_C003,70.23,Web
T_C006_0058,C006,2026-07-12,20:21:00,Payment to Payee_A_C006,Payee_A_C006,135.18,Web
T_C007_0059,C007,2026-07-12,20:55:00,Payment to Payee_C_C007,Payee_C_C007,90.93,Web
T_C007_0060,C007,2026-07-13,10:28:00,Payment to Payee_A_C007,Payee_A_C007,20.32,Web
T_C004_0057,C004,2026-07-13,10:39:00,Payment to Payee_A_C004,Payee_A_C004,133.79,Web
T_C001_0049,C001,2026-07-13,12:42:00,Payment to Payee_C_C001,Payee_C_C001,77.96,Web
T_C004_0056,C004,2026-07-13,16:36:00,Payment to Payee_C_C004,Payee_C_C004,61.65,Web
T_C002_0058,C002,2026-07-13,19:30:00,Payment to Payee_B_C002,Payee_B_C002,100.43,Web
T_C005_0057,C005,2026-07-13,19:38:00,Payment to Payee_B_C005,Payee_B_C005,108.53,Web
T_C007_0061,C007,2026-07-14,08:20:00,Payment to Payee_A_C007,Payee_A_C007,46.56,Web
T_C007_0062,C007,2026-07-14,09:21:00,Payment to Payee_B_C007,Payee_B_C007,33.81,Web
T_C003_0051,C003,2026-07-14,14:28:00,Payment to Payee_B_C003,Payee_B_C003,134.33,Web
T_C002_0060,C002,2026-07-14,14:44:00,Payment to Payee_C_C002,Payee_C_C002,44.06,Web
T_C004_0058,C004,2026-07-14,14:45:00,Payment to Payee_C_C004,Payee_C_C004,110.64,Web
T_C004_0059,C004,2026-07-14,14:49:00,Payment to Payee_C_C004,Payee_C_C004,67.32,Web
T_C005_0058,C005,2026-07-14,16:20:00,Payment to Payee_B_C005,Payee_B_C005,118.57,Web
T_C002_0061,C002,2026-07-14,17:23:00,Payment to Payee_C_C002,Payee_C_C002,76.26,Web
T_C001_0050,C001,2026-07-14,19:59:00,Payment to Payee_C_C001,Payee_C_C001,133.53,Web
T_C002_0059,C002,2026-07-14,20:01:00,Payment to Payee_A_C002,Payee_A_C002,23.03,Web
T_C006_0059,C006,2026-07-15,08:07:00,Payment to Payee_A_C006,Payee_A_C006,140.12,Web
T_C005_0061,C005,2026-07-15,09:51:00,Payment to Payee_B_C005,Payee_B_C005,147.38,Web
T_C001_0052,C001,2026-07-15,11:06:00,Payment to Payee_B_C001,Payee_B_C001,23.57,Web
T_C006_0061,C006,2026-07-15,11:44:00,Payment to Payee_C_C006,Payee_C_C006,137.32,Web
T_C001_0051,C001,2026-07-15,11:50:00,Payment to Payee_B_C001,Payee_B_C001,76.22,Web
T_C001_0053,C001,2026-07-15,13:27:00,Payment to Payee_C_C001,Payee_C_C001,67.55,Web
T_C003_0053,C003,2026-07-15,13:27:00,Payment to Payee_B_C003,Payee_B_C003,53.75,Web
T_C005_0060,C005,2026-07-15,13:32:00,Payment to Payee_B_C005,Payee_B_C005,133.59,Web
T_C002_0062,C002,2026-07-15,14:47:00,Payment to Payee_B_C002,Payee_B_C002,87.05,Web
T_C003_0052,C003,2026-07-15,15:25:00,Payment to Payee_A_C003,Payee_A_C003,68.24,Web
T_C006_0060,C006,2026-07-15,15:29:00,Payment to Payee_B_C006,Payee_B_C006,10.09,Web
T_C005_0059,C005,2026-07-15,16:41:00,Payment to Payee_B_C005,Payee_B_C005,60.3,Web
T_C007_0063,C007,2026-07-15,19:04:00,Payment to Payee_A_C007,Payee_A_C007,86.59,Web
T_C002_0063,C002,2026-07-15,19:29:00,Payment to Payee_B_C002,Payee_B_C002,47.93,Web
T_C007_0065,C007,2026-07-16,08:27:00,Payment to Payee_A_C007,Payee_A_C007,141.94,Web
T_C006_0063,C006,2026-07-16,09:41:00,Payment to Payee_A_C006,Payee_A_C006,60.46,Web
T_C002_0064,C002,2026-07-16,09:46:00,Payment to Payee_A_C002,Payee_A_C002,36.96,Web
T_C003_0055,C003,2026-07-16,09:53:00,Payment to Payee_B_C003,Payee_B_C003,21.95,Web
T_C003_0054,C003,2026-07-16,10:43:00,Payment to Payee_A_C003,Payee_A_C003,139.22,Web
T_C006_0062,C006,2026-07-16,10:55:00,Payment to Payee_B_C006,Payee_B_C006,140.58,Web
T_C005_0062,C005,2026-07-16,11:23:00,Payment to Payee_A_C005,Payee_A_C005,53.81,Web
T_C004_0060,C004,2026-07-16,13:41:00,Payment to Payee_B_C004,Payee_B_C004,20.38,Web
T_C007_0064,C007,2026-07-16,17:39:00,Payment to Payee_C_C007,Payee_C_C007,135.05,Web
T_C005_0063,C005,2026-07-16,17:55:00,Payment to Payee_A_C005,Payee_A_C005,40.98,Web
T_C007_0066,C007,2026-07-17,10:03:00,Payment to Payee_A_C007,Payee_A_C007,24.18,Web
T_C004_0061,C004,2026-07-17,10:56:00,Payment to Payee_C_C004,Payee_C_C004,126.07,Web
T_C002_0065,C002,2026-07-17,11:13:00,Payment to Payee_B_C002,Payee_B_C002,113.4,Web
T_C007_0067,C007,2026-07-17,11:26:00,Payment to Payee_C_C007,Payee_C_C007,107.61,Web
T_C006_0065,C006,2026-07-17,14:40:00,Payment to Payee_C_C006,Payee_C_C006,52.77,Web
T_C004_0062,C004,2026-07-17,18:37:00,Payment to Payee_A_C004,Payee_A_C004,35.47,Web
T_C006_0064,C006,2026-07-17,18:57:00,Payment to Payee_A_C006,Payee_A_C006,100.85,Web
T_C007_0068,C007,2026-07-17,19:34:00,Payment to Payee_B_C007,Payee_B_C007,47.14,Web
T_C002_0066,C002,2026-07-18,09:53:00,Payment to Payee_A_C002,Payee_A_C002,37.18,Web
T_C007_0069,C007,2026-07-18,11:06:00,Payment to Payee_C_C007,Payee_C_C007,16.95,Web
T_C002_0067,C002,2026-07-18,13:11:00,Payment to Payee_C_C002,Payee_C_C002,52.32,Web
T_C004_0065,C004,2026-07-18,13:59:00,Payment to Payee_B_C004,Payee_B_C004,109.31,Web
T_C005_0065,C005,2026-07-18,14:18:00,Payment to Payee_B_C005,Payee_B_C005,31.34,Web
T_C006_0066,C006,2026-07-18,14:41:00,Payment to Payee_A_C006,Payee_A_C006,22.77,Web
T_C004_0064,C004,2026-07-18,16:09:00,Payment to Payee_A_C004,Payee_A_C004,52.58,Web
T_C003_0057,C003,2026-07-18,16:35:00,Payment to Payee_A_C003,Payee_A_C003,56.15,Web
T_C007_0070,C007,2026-07-18,16:53:00,Payment to Payee_A_C007,Payee_A_C007,78.73,Web
T_C004_0063,C004,2026-07-18,16:58:00,Payment to Payee_A_C004,Payee_A_C004,131.55,Web
T_C005_0064,C005,2026-07-18,16:59:00,Payment to Payee_C_C005,Payee_C_C005,91.76,Web
T_C003_0056,C003,2026-07-18,20:08:00,Payment to Payee_C_C003,Payee_C_C003,87.89,Web
T_C007_0071,C007,2026-07-19,08:27:00,Payment to Payee_C_C007,Payee_C_C007,22.27,Web
T_C004_0066,C004,2026-07-19,09:16:00,Payment to Payee_C_C004,Payee_C_C004,37.48,Web
T_C001_0056,C001,2026-07-19,10:27:00,Payment to Payee_B_C001,Payee_B_C001,35.69,Web
T_C001_0055,C001,2026-07-19,11:12:00,Payment to Payee_B_C001,Payee_B_C001,36.63,Web
T_C002_0068,C002,2026-07-19,12:02:00,Payment to Payee_C_C002,Payee_C_C002,146.4,Web
T_C004_0067,C004,2026-07-19,12:08:00,Payment to Payee_C_C004,Payee_C_C004,97.5,Web
T_C003_0060,C003,2026-07-19,12:22:00,Payment to Payee_C_C003,Payee_C_C003,24.5,Web
T_C003_0058,C003,2026-07-19,13:55:00,Payment to Payee_B_C003,Payee_B_C003,103.15,Web
T_C005_0066,C005,2026-07-19,14:36:00,Payment to Payee_B_C005,Payee_B_C005,126.67,Web
T_C007_0072,C007,2026-07-19,18:38:00,Payment to Payee_A_C007,Payee_A_C007,77.25,Web
T_C003_0059,C003,2026-07-19,19:03:00,Payment to Payee_C_C003,Payee_C_C003,145.58,Web
T_C001_0054,C001,2026-07-19,19:21:00,Payment to Payee_A_C001,Payee_A_C001,122.08,Web
T_C001_0057,C001,2026-07-20,09:28:00,Payment to Payee_C_C001,Payee_C_C001,123.12,Web
T_C002_0070,C002,2026-07-20,09:55:00,Payment to Payee_B_C002,Payee_B_C002,11.72,Web
T_C003_0061,C003,2026-07-20,10:42:00,Payment to Payee_A_C003,Payee_A_C003,77.51,Web
T_C005_0067,C005,2026-07-20,12:48:00,Payment to Payee_C_C005,Payee_C_C005,125.02,Web
T_C006_0067,C006,2026-07-20,15:04:00,Payment to Payee_A_C006,Payee_A_C006,28.58,Web
T_C005_0068,C005,2026-07-20,18:47:00,Payment to Payee_A_C005,Payee_A_C005,78.68,Web
T_C002_0069,C002,2026-07-20,19:08:00,Payment to Payee_B_C002,Payee_B_C002,99.3,Web
T_C006_0068,C006,2026-07-21,08:00:00,Payment to Payee_A_C006,Payee_A_C006,107.38,Web
T_C005_0069,C005,2026-07-21,10:08:00,Payment to Payee_B_C005,Payee_B_C005,110.84,Web
T_C007_0073,C007,2026-07-21,10:40:00,Payment to Payee_A_C007,Payee_A_C007,50.85,Web
T_C005_0070,C005,2026-07-21,10:58:00,Payment to Payee_C_C005,Payee_C_C005,134.51,Web
T_C006_0070,C006,2026-07-21,11:24:00,Payment to Payee_A_C006,Payee_A_C006,22.51,Web
T_C002_0072,C002,2026-07-21,12:55:00,Payment to Payee_A_C002,Payee_A_C002,76.88,Web
T_C002_0073,C002,2026-07-21,14:31:00,Payment to Payee_C_C002,Payee_C_C002,20.37,Web
T_C006_0069,C006,2026-07-21,14:44:00,Payment to Payee_A_C006,Payee_A_C006,28.5,Web
T_C002_0071,C002,2026-07-21,15:28:00,Payment to Payee_A_C002,Payee_A_C002,57.7,Web
T_C003_0062,C003,2026-07-21,16:23:00,Payment to Payee_B_C003,Payee_B_C003,26.08,Web
T_C003_0063,C003,2026-07-21,17:14:00,Payment to Payee_C_C003,Payee_C_C003,123.01,Web
T_C004_0068,C004,2026-07-21,17:37:00,Payment to Payee_C_C004,Payee_C_C004,31.59,Web
T_C004_0070,C004,2026-07-22,09:02:00,Payment to Payee_C_C004,Payee_C_C004,142.8,Web
T_C007_0074,C007,2026-07-22,09:19:00,Payment to Payee_B_C007,Payee_B_C007,119.88,Web
T_C007_0075,C007,2026-07-22,15:57:00,Payment to Payee_A_C007,Payee_A_C007,102.55,Web
T_C004_0069,C004,2026-07-22,17:02:00,Payment to Payee_A_C004,Payee_A_C004,125.53,Web
T_C007_0076,C007,2026-07-22,18:34:00,Payment to Payee_B_C007,Payee_B_C007,64.25,Web
T_C003_0064,C003,2026-07-23,08:11:00,Payment to Payee_B_C003,Payee_B_C003,48.26,Web
T_C002_0074,C002,2026-07-23,10:51:00,Payment to Payee_B_C002,Payee_B_C002,88.8,Web
T_C007_0077,C007,2026-07-23,13:11:00,Payment to Payee_B_C007,Payee_B_C007,72.41,Web
T_C003_0065,C003,2026-07-23,13:22:00,Payment to Payee_A_C003,Payee_A_C003,10.85,Web
T_C006_0071,C006,2026-07-23,13:56:00,Payment to Payee_B_C006,Payee_B_C006,51.9,Web
T_C007_0078,C007,2026-07-23,15:29:00,Payment to Payee_B_C007,Payee_B_C007,46.88,Web
T_C007_0079,C007,2026-07-23,17:03:00,Payment to Payee_C_C007,Payee_C_C007,31.16,Web
T_C004_0072,C004,2026-07-23,17:40:00,Payment to Payee_C_C004,Payee_C_C004,14.24,Web
T_C004_0071,C004,2026-07-23,18:13:00,Payment to Payee_B_C004,Payee_B_C004,117.37,Web
T_C006_0072,C006,2026-07-23,20:52:00,Payment to Payee_A_C006,Payee_A_C006,115.44,Web
T_C003_0066,C003,2026-07-24,09:09:00,Payment to Payee_A_C003,Payee_A_C003,113.74,Web
T_C006_0073,C006,2026-07-24,09:33:00,Payment to Payee_C_C006,Payee_C_C006,88.86,Web
T_C003_0067,C003,2026-07-24,09:47:00,Payment to Payee_B_C003,Payee_B_C003,84.27,Web
T_C004_0074,C004,2026-07-24,14:19:00,Payment to Payee_C_C004,Payee_C_C004,73.5,Web
T_C003_0068,C003,2026-07-24,14:29:00,Payment to Payee_B_C003,Payee_B_C003,57.73,Web
T_C004_0073,C004,2026-07-24,18:19:00,Payment to Payee_C_C004,Payee_C_C004,77.61,Web
T_C002_0075,C002,2026-07-25,09:35:00,Payment to Payee_C_C002,Payee_C_C002,117.02,Web
T_C001_0058,C001,2026-07-25,10:26:00,Payment to Payee_A_C001,Payee_A_C001,77.99,Web
T_C006_0074,C006,2026-07-25,15:22:00,Payment to Payee_C_C006,Payee_C_C006,111.14,Web
T_C003_0070,C003,2026-07-25,17:05:00,Payment to Payee_A_C003,Payee_A_C003,133.67,Web
T_C003_0069,C003,2026-07-25,19:20:00,Payment to Payee_C_C003,Payee_C_C003,118.76,Web
T_C001_0059,C001,2026-07-26,08:10:00,Payment to Payee_B_C001,Payee_B_C001,63.06,Web
T_C007_0081,C007,2026-07-26,11:35:00,Payment to Payee_B_C007,Payee_B_C007,18.54,Web
T_C001_0061,C001,2026-07-26,12:27:00,Payment to Payee_C_C001,Payee_C_C001,107.52,Web
T_C001_0060,C001,2026-07-26,12:59:00,Payment to Payee_B_C001,Payee_B_C001,119.77,Web
T_C006_0075,C006,2026-07-26,14:39:00,Payment to Payee_A_C006,Payee_A_C006,106.12,Web
T_C004_0075,C004,2026-07-26,15:26:00,Payment to Payee_A_C004,Payee_A_C004,77.8,Web
T_C002_0076,C002,2026-07-26,20:33:00,Payment to Payee_B_C002,Payee_B_C002,63.25,Web
T_C007_0080,C007,2026-07-26,20:34:00,Payment to Payee_C_C007,Payee_C_C007,67.96,Web
T_C003_0071,C003,2026-07-26,20:39:00,Payment to Payee_A_C003,Payee_A_C003,16.97,Web
T_C002_0078,C002,2026-07-27,08:39:00,Payment to Payee_A_C002,Payee_A_C002,144.42,Web
T_C007_0084,C007,2026-07-27,09:25:00,Payment to Payee_C_C007,Payee_C_C007,136.39,Web
T_C001_0062,C001,2026-07-27,10:12:00,Payment to Payee_A_C001,Payee_A_C001,51.54,Web
T_C005_0071,C005,2026-07-27,10:53:00,Payment to Payee_A_C005,Payee_A_C005,98.3,Web
T_C001_0064,C001,2026-07-27,13:03:00,Payment to Payee_B_C001,Payee_B_C001,17.02,Web
T_C004_0077,C004,2026-07-27,13:46:00,Payment to Payee_B_C004,Payee_B_C004,148.32,Web
T_C005_0073,C005,2026-07-27,15:23:00,Payment to Payee_C_C005,Payee_C_C005,18.46,Web
T_C003_0073,C003,2026-07-27,15:26:00,Payment to Payee_C_C003,Payee_C_C003,48.24,Web
T_C003_0072,C003,2026-07-27,15:42:00,Payment to Payee_C_C003,Payee_C_C003,69.36,Web
T_C007_0082,C007,2026-07-27,16:43:00,Payment to Payee_B_C007,Payee_B_C007,131.37,Web
T_C004_0076,C004,2026-07-27,17:09:00,Payment to Payee_C_C004,Payee_C_C004,53.76,Web
T_C002_0077,C002,2026-07-27,17:27:00,Payment to Payee_C_C002,Payee_C_C002,52.75,Web
T_C001_0063,C001,2026-07-27,17:47:00,Payment to Payee_C_C001,Payee_C_C001,85.91,Web
T_C007_0083,C007,2026-07-27,17:56:00,Payment to Payee_B_C007,Payee_B_C007,42.99,Web
T_C005_0072,C005,2026-07-27,19:09:00,Payment to Payee_C_C005,Payee_C_C005,11.28,Web
T_C001_0065,C001,2026-07-28,08:32:00,Payment to Payee_A_C001,Payee_A_C001,21.22,Web
T_C004_0079,C004,2026-07-28,09:20:00,Payment to Payee_A_C004,Payee_A_C004,43.84,Web
T_C004_0078,C004,2026-07-28,10:48:00,Payment to Payee_C_C004,Payee_C_C004,61.88,Web
T_C004_0080,C004,2026-07-28,12:28:00,Payment to Payee_A_C004,Payee_A_C004,44.71,Web
T_C005_0075,C005,2026-07-28,16:26:00,Payment to Payee_C_C005,Payee_C_C005,11.66,Web
T_C002_0079,C002,2026-07-28,18:13:00,Payment to Payee_A_C002,Payee_A_C002,47.05,Web
T_C005_0074,C005,2026-07-28,18:31:00,Payment to Payee_C_C005,Payee_C_C005,12.2,Web
T_C005_0076,C005,2026-07-28,19:17:00,Payment to Payee_B_C005,Payee_B_C005,85.0,Web
T_C007_0085,C007,2026-07-29,09:48:00,Payment to Payee_A_C007,Payee_A_C007,72.87,Web
T_C002_0080,C002,2026-07-29,11:11:00,Payment to Payee_A_C002,Payee_A_C002,87.28,Web
T_C003_0074,C003,2026-07-29,14:07:00,Payment to Payee_C_C003,Payee_C_C003,49.65,Web
T_C003_0075,C003,2026-07-29,17:31:00,Payment to Payee_B_C003,Payee_B_C003,83.77,Web
T_C006_0076,C006,2026-07-29,20:07:00,Payment to Payee_B_C006,Payee_B_C006,92.54,Web
T_C004_0082,C004,2026-07-30,10:52:00,Payment to Payee_C_C004,Payee_C_C004,55.84,Web
T_C006_0078,C006,2026-07-30,12:41:00,Payment to Payee_C_C006,Payee_C_C006,21.79,Web
T_C006_0077,C006,2026-07-30,14:20:00,Payment to Payee_A_C006,Payee_A_C006,120.75,Web
T_C004_0081,C004,2026-07-30,14:55:00,Payment to Payee_A_C004,Payee_A_C004,96.15,Web
T_C005_0078,C005,2026-07-30,16:09:00,Payment to Payee_C_C005,Payee_C_C005,43.74,Web
T_C005_0079,C005,2026-07-30,16:16:00,Payment to Payee_B_C005,Payee_B_C005,124.13,Web
T_C007_0086,C007,2026-07-30,20:12:00,Payment to Payee_B_C007,Payee_B_C007,27.67,Web
T_C005_0077,C005,2026-07-30,20:58:00,Payment to Payee_A_C005,Payee_A_C005,35.1,Web
T_C002_0082,C002,2026-07-31,08:14:00,Payment to Payee_B_C002,Payee_B_C002,50.33,Web
T_C005_0080,C005,2026-07-31,09:23:00,Payment to Payee_B_C005,Payee_B_C005,144.3,Web
T_C004_0083,C004,2026-07-31,11:48:00,Payment to Payee_C_C004,Payee_C_C004,32.31,Web
T_C006_0080,C006,2026-07-31,12:13:00,Payment to Payee_C_C006,Payee_C_C006,82.48,Web
T_C005_0082,C005,2026-07-31,12:43:00,Payment to Payee_A_C005,Payee_A_C005,125.93,Web
T_C001_0066,C001,2026-07-31,14:07:00,Payment to Payee_C_C001,Payee_C_C001,141.82,Web
T_C003_0076,C003,2026-07-31,14:38:00,Payment to Payee_A_C003,Payee_A_C003,17.67,Web
T_C004_0084,C004,2026-07-31,15:31:00,Payment to Payee_B_C004,Payee_B_C004,133.07,Web
T_C002_0081,C002,2026-07-31,15:44:00,Payment to Payee_B_C002,Payee_B_C002,93.13,Web
T_C005_0081,C005,2026-07-31,17:15:00,Payment to Payee_A_C005,Payee_A_C005,148.63,Web
T_C002_0083,C002,2026-07-31,19:55:00,Payment to Payee_C_C002,Payee_C_C002,73.56,Web
T_C006_0079,C006,2026-07-31,20:44:00,Payment to Payee_C_C006,Payee_C_C006,13.76,Web
T_C007_0089,C007,2026-08-01,09:24:00,Payment to Payee_C_C007,Payee_C_C007,87.89,Web
T_C003_0077,C003,2026-08-01,11:49:00,Payment to Payee_B_C003,Payee_B_C003,29.21,Web
T_C007_0087,C007,2026-08-01,11:52:00,Payment to Payee_C_C007,Payee_C_C007,97.81,Web
T_C003_0078,C003,2026-08-01,12:20:00,Payment to Payee_B_C003,Payee_B_C003,26.8,Web
T_C007_0088,C007,2026-08-01,12:20:00,Payment to Payee_A_C007,Payee_A_C007,137.51,Web
T_C002_0084,C002,2026-08-01,12:50:00,Payment to Payee_C_C002,Payee_C_C002,120.77,Web
T_C001_0067,C001,2026-08-01,17:38:00,Payment to Payee_A_C001,Payee_A_C001,15.56,Web
T_C006_0081,C006,2026-08-01,19:25:00,Payment to Payee_A_C006,Payee_A_C006,51.38,Web
T_C003_0079,C003,2026-08-02,10:08:00,Payment to Payee_C_C003,Payee_C_C003,63.23,Web
T_C001_0070,C001,2026-08-02,11:16:00,Payment to Payee_C_C001,Payee_C_C001,65.41,Web
T_C003_0080,C003,2026-08-02,11:32:00,Payment to Payee_C_C003,Payee_C_C003,88.22,Web
T_C001_0069,C001,2026-08-02,12:13:00,Payment to Payee_B_C001,Payee_B_C001,103.76,Web
T_C007_0090,C007,2026-08-02,12:33:00,Payment to Payee_A_C007,Payee_A_C007,74.14,Web
T_C002_0085,C002,2026-08-02,14:07:00,Payment to Payee_C_C002,Payee_C_C002,86.24,Web
T_C006_0082,C006,2026-08-02,15:24:00,Payment to Payee_B_C006,Payee_B_C006,25.78,Web
T_C001_0068,C001,2026-08-02,18:37:00,Payment to Payee_B_C001,Payee_B_C001,89.13,Web
T_C003_0081,C003,2026-08-02,20:22:00,Payment to Payee_C_C003,Payee_C_C003,20.09,Web
T_C007_0091,C007,2026-08-02,20:44:00,Payment to Payee_C_C007,Payee_C_C007,97.23,Web
T_C001_0072,C001,2026-08-03,08:29:00,Payment to Payee_C_C001,Payee_C_C001,96.96,Web
T_C007_0092,C007,2026-08-03,09:26:00,Payment to Payee_C_C007,Payee_C_C007,30.95,Web
T_C007_0094,C007,2026-08-03,09:36:00,Payment to Payee_B_C007,Payee_B_C007,119.14,Web
T_C002_0086,C002,2026-08-03,12:52:00,Payment to Payee_A_C002,Payee_A_C002,29.91,Web
T_C005_0083,C005,2026-08-03,14:24:00,Payment to Payee_A_C005,Payee_A_C005,87.38,Web
T_C001_0071,C001,2026-08-03,15:20:00,Payment to Payee_A_C001,Payee_A_C001,140.06,Web
T_C004_0087,C004,2026-08-03,15:38:00,Payment to Payee_C_C004,Payee_C_C004,133.53,Web
T_C005_0085,C005,2026-08-03,15:54:00,Payment to Payee_B_C005,Payee_B_C005,70.75,Web
T_C004_0085,C004,2026-08-03,16:29:00,Payment to Payee_A_C004,Payee_A_C004,145.34,Web
T_C004_0086,C004,2026-08-03,17:22:00,Payment to Payee_B_C004,Payee_B_C004,16.81,Web
T_C007_0093,C007,2026-08-03,17:37:00,Payment to Payee_A_C007,Payee_A_C007,116.17,Web
T_C005_0084,C005,2026-08-03,18:00:00,Payment to Payee_A_C005,Payee_A_C005,108.4,Web
T_C003_0082,C003,2026-08-04,08:29:00,Payment to Payee_B_C003,Payee_B_C003,138.96,Web
T_C004_0088,C004,2026-08-04,12:34:00,Payment to Payee_A_C004,Payee_A_C004,11.14,Web
T_C004_0090,C004,2026-08-04,13:48:00,Payment to Payee_A_C004,Payee_A_C004,66.46,Web
T_C004_0089,C004,2026-08-04,14:08:00,Payment to Payee_C_C004,Payee_C_C004,133.54,Web
T_C007_0095,C007,2026-08-04,14:16:00,Payment to Payee_B_C007,Payee_B_C007,63.63,Web
T_C003_0083,C003,2026-08-04,17:27:00,Payment to Payee_C_C003,Payee_C_C003,90.28,Web
T_C007_0096,C007,2026-08-04,17:38:00,Payment to Payee_A_C007,Payee_A_C007,76.23,Web
T_C003_0084,C003,2026-08-04,18:26:00,Payment to Payee_B_C003,Payee_B_C003,50.53,Web
T_C002_0087,C002,2026-08-04,20:19:00,Payment to Payee_C_C002,Payee_C_C002,93.31,Web
T_C004_0091,C004,2026-08-05,08:36:00,Payment to Payee_B_C004,Payee_B_C004,88.65,Web
T_C006_0083,C006,2026-08-05,13:08:00,Payment to Payee_C_C006,Payee_C_C006,64.16,Web
T_C007_0097,C007,2026-08-05,14:09:00,Payment to Payee_C_C007,Payee_C_C007,96.55,Web
T_C006_0084,C006,2026-08-05,14:23:00,Payment to Payee_A_C006,Payee_A_C006,86.49,Web
T_C002_0088,C002,2026-08-05,15:07:00,Payment to Payee_B_C002,Payee_B_C002,75.62,Web
T_C004_0093,C004,2026-08-05,15:48:00,Payment to Payee_C_C004,Payee_C_C004,86.98,Web
T_C004_0092,C004,2026-08-05,16:18:00,Payment to Payee_C_C004,Payee_C_C004,20.29,Web
T_C002_0089,C002,2026-08-05,19:25:00,Payment to Payee_C_C002,Payee_C_C002,141.97,Web
T_C007_0098,C007,2026-08-05,19:25:00,Payment to Payee_B_C007,Payee_B_C007,15.43,Web
T_C006_0086,C006,2026-08-06,08:16:00,Payment to Payee_A_C006,Payee_A_C006,40.2,Web
T_C007_0099,C007,2026-08-06,08:47:00,Payment to Payee_B_C007,Payee_B_C007,76.53,Web
T_C002_0092,C002,2026-08-06,09:14:00,Payment to Payee_C_C002,Payee_C_C002,144.67,Web
T_C003_0085,C003,2026-08-06,10:51:00,Payment to Payee_B_C003,Payee_B_C003,142.67,Web
T_C005_0086,C005,2026-08-06,11:57:00,Payment to Payee_C_C005,Payee_C_C005,131.54,Web
T_C002_0090,C002,2026-08-06,15:05:00,Payment to Payee_B_C002,Payee_B_C002,93.73,Web
T_C001_0073,C001,2026-08-06,16:16:00,Payment to Payee_B_C001,Payee_B_C001,28.54,Web
T_C002_0091,C002,2026-08-06,19:20:00,Payment to Payee_A_C002,Payee_A_C002,94.52,Web
T_C003_0086,C003,2026-08-06,19:58:00,Payment to Payee_B_C003,Payee_B_C003,60.66,Web
T_C006_0085,C006,2026-08-06,20:04:00,Payment to Payee_A_C006,Payee_A_C006,12.34,Web
T_C006_0087,C006,2026-08-06,20:25:00,Payment to Payee_C_C006,Payee_C_C006,80.93,Web
T_C005_0089,C005,2026-08-07,08:11:00,Payment to Payee_B_C005,Payee_B_C005,140.03,Web
T_C007_0100,C007,2026-08-07,08:21:00,Payment to Payee_B_C007,Payee_B_C007,124.43,Web
T_C006_0090,C006,2026-08-07,09:19:00,Payment to Payee_A_C006,Payee_A_C006,21.06,Web
T_C004_0094,C004,2026-08-07,09:25:00,Payment to Payee_B_C004,Payee_B_C004,62.25,Web
T_C005_0087,C005,2026-08-07,12:02:00,Payment to Payee_C_C005,Payee_C_C005,139.38,Web
T_C007_0101,C007,2026-08-07,12:17:00,Payment to Payee_C_C007,Payee_C_C007,128.0,Web
T_C005_0088,C005,2026-08-07,12:57:00,Payment to Payee_C_C005,Payee_C_C005,86.02,Web
T_C006_0088,C006,2026-08-07,14:44:00,Payment to Payee_C_C006,Payee_C_C006,66.32,Web
T_C006_0089,C006,2026-08-07,16:34:00,Payment to Payee_B_C006,Payee_B_C006,96.25,Web
T_C001_0074,C001,2026-08-08,13:18:00,Payment to Payee_C_C001,Payee_C_C001,32.08,Web
T_C004_0096,C004,2026-08-08,14:32:00,Payment to Payee_A_C004,Payee_A_C004,15.64,Web
T_C003_0087,C003,2026-08-08,14:37:00,Payment to Payee_A_C003,Payee_A_C003,66.06,Web
T_C002_0094,C002,2026-08-08,15:33:00,Payment to Payee_B_C002,Payee_B_C002,101.21,Web
T_C006_0091,C006,2026-08-08,16:20:00,Payment to Payee_C_C006,Payee_C_C006,64.7,Web
T_C002_0093,C002,2026-08-08,17:02:00,Payment to Payee_A_C002,Payee_A_C002,116.84,Web
T_C004_0095,C004,2026-08-08,20:09:00,Payment to Payee_C_C004,Payee_C_C004,37.87,Web
T_C003_0090,C003,2026-08-09,09:33:00,Payment to Payee_B_C003,Payee_B_C003,81.39,Web
T_C007_0102,C007,2026-08-09,10:19:00,Payment to Payee_B_C007,Payee_B_C007,146.39,Web
T_C003_0088,C003,2026-08-09,12:47:00,Payment to Payee_B_C003,Payee_B_C003,57.53,Web
T_C005_0090,C005,2026-08-09,17:09:00,Payment to Payee_C_C005,Payee_C_C005,115.32,Web
T_C002_0095,C002,2026-08-09,17:27:00,Payment to Payee_B_C002,Payee_B_C002,98.87,Web
T_C001_0075,C001,2026-08-09,17:51:00,Payment to Payee_A_C001,Payee_A_C001,101.56,Web
T_C001_0076,C001,2026-08-09,18:52:00,Payment to Payee_C_C001,Payee_C_C001,87.64,Web
T_C004_0097,C004,2026-08-09,19:21:00,Payment to Payee_C_C004,Payee_C_C004,122.56,Web
T_C003_0089,C003,2026-08-09,20:10:00,Payment to Payee_C_C003,Payee_C_C003,20.69,Web
T_C006_0093,C006,2026-08-10,08:15:00,Payment to Payee_B_C006,Payee_B_C006,22.07,Web
T_C007_0104,C007,2026-08-10,09:12:00,Payment to Payee_B_C007,Payee_B_C007,71.84,Web
T_C005_0091,C005,2026-08-10,09:19:00,Payment to Payee_A_C005,Payee_A_C005,32.74,Web
T_C004_0098,C004,2026-08-10,10:38:00,Payment to Payee_A_C004,Payee_A_C004,135.04,Web
T_C003_0092,C003,2026-08-10,11:06:00,Payment to Payee_A_C003,Payee_A_C003,30.5,Web
T_C007_0103,C007,2026-08-10,12:46:00,Payment to Payee_C_C007,Payee_C_C007,68.35,Web
T_C004_0099,C004,2026-08-10,13:59:00,Payment to Payee_A_C004,Payee_A_C004,95.83,Web
T_C004_0100,C004,2026-08-10,14:39:00,Payment to Payee_B_C004,Payee_B_C004,113.5,Web
T_C005_0093,C005,2026-08-10,16:21:00,Payment to Payee_C_C005,Payee_C_C005,63.74,Web
T_C005_0092,C005,2026-08-10,17:53:00,Payment to Payee_C_C005,Payee_C_C005,128.92,Web
T_C006_0092,C006,2026-08-10,19:27:00,Payment to Payee_A_C006,Payee_A_C006,112.19,Web
T_C003_0091,C003,2026-08-10,19:52:00,Payment to Payee_A_C003,Payee_A_C003,100.36,Web
T_C002_0097,C002,2026-08-11,09:54:00,Payment to Payee_B_C002,Payee_B_C002,32.52,Web
T_C001_0077,C001,2026-08-11,12:07:00,Payment to Payee_C_C001,Payee_C_C001,134.56,Web
T_C002_0096,C002,2026-08-11,13:26:00,Payment to Payee_C_C002,Payee_C_C002,56.66,Web
T_C007_0106,C007,2026-08-11,16:50:00,Payment to Payee_B_C007,Payee_B_C007,32.26,Web
T_C004_0101,C004,2026-08-11,16:53:00,Payment to Payee_B_C004,Payee_B_C004,81.36,Web
T_C003_0093,C003,2026-08-11,17:09:00,Payment to Payee_C_C003,Payee_C_C003,116.43,Web
T_C002_0098,C002,2026-08-11,19:31:00,Payment to Payee_B_C002,Payee_B_C002,50.35,Web
T_C007_0107,C007,2026-08-11,19:32:00,Payment to Payee_C_C007,Payee_C_C007,66.47,Web
T_C004_0102,C004,2026-08-11,19:36:00,Payment to Payee_A_C004,Payee_A_C004,51.97,Web
T_C007_0105,C007,2026-08-11,20:33:00,Payment to Payee_A_C007,Payee_A_C007,131.41,Web
T_C005_0094,C005,2026-08-11,20:44:00,Payment to Payee_C_C005,Payee_C_C005,111.38,Web
T_C005_0095,C005,2026-08-12,08:06:00,Payment to Payee_A_C005,Payee_A_C005,71.19,Web
T_C006_0096,C006,2026-08-12,08:45:00,Payment to Payee_A_C006,Payee_A_C006,29.21,Web
T_C001_0078,C001,2026-08-12,12:18:00,Payment to Payee_C_C001,Payee_C_C001,94.68,Web
T_C005_0096,C005,2026-08-12,13:38:00,Payment to Payee_C_C005,Payee_C_C005,117.66,Web
T_C004_0103,C004,2026-08-12,13:43:00,Payment to Payee_B_C004,Payee_B_C004,25.34,Web
T_C004_0104,C004,2026-08-12,17:19:00,Payment to Payee_C_C004,Payee_C_C004,121.55,Web
T_C006_0094,C006,2026-08-12,17:38:00,Payment to Payee_C_C006,Payee_C_C006,17.7,Web
T_C006_0095,C006,2026-08-12,19:42:00,Payment to Payee_A_C006,Payee_A_C006,113.69,Web
T_C002_0099,C002,2026-08-13,09:20:00,Payment to Payee_A_C002,Payee_A_C002,45.34,Web
T_C001_0079,C001,2026-08-13,11:43:00,Payment to Payee_B_C001,Payee_B_C001,98.79,Web
T_C007_0108,C007,2026-08-13,11:56:00,Payment to Payee_A_C007,Payee_A_C007,126.61,Web
T_C006_0097,C006,2026-08-13,15:22:00,Payment to Payee_C_C006,Payee_C_C006,83.22,Web
T_C005_0099,C005,2026-08-13,16:24:00,Payment to Payee_C_C005,Payee_C_C005,70.46,Web
T_C001_0080,C001,2026-08-13,16:31:00,Payment to Payee_A_C001,Payee_A_C001,45.16,Web
T_C002_0101,C002,2026-08-13,18:55:00,Payment to Payee_B_C002,Payee_B_C002,85.96,Web
T_C005_0097,C005,2026-08-13,20:20:00,Payment to Payee_B_C005,Payee_B_C005,14.15,Web
T_C002_0100,C002,2026-08-13,20:25:00,Payment to Payee_A_C002,Payee_A_C002,131.09,Web
T_C005_0098,C005,2026-08-13,20:28:00,Payment to Payee_B_C005,Payee_B_C005,78.68,Web
T_C003_0094,C003,2026-08-13,20:40:00,Payment to Payee_C_C003,Payee_C_C003,79.18,Web
T_C007_0109,C007,2026-08-14,08:29:00,Payment to Payee_B_C007,Payee_B_C007,17.08,Web
T_C005_0100,C005,2026-08-14,09:49:00,Payment to Payee_A_C005,Payee_A_C005,96.61,Web
T_C006_0098,C006,2026-08-14,10:23:00,Payment to Payee_B_C006,Payee_B_C006,27.77,Web
T_C004_0105,C004,2026-08-14,12:41:00,Payment to Payee_C_C004,Payee_C_C004,119.61,Web
T_C003_0097,C003,2026-08-14,13:09:00,Payment to Payee_B_C003,Payee_B_C003,71.57,Web
T_C005_0102,C005,2026-08-14,14:45:00,Payment to Payee_A_C005,Payee_A_C005,119.74,Web
T_C004_0107,C004,2026-08-14,15:10:00,Payment to Payee_C_C004,Payee_C_C004,83.39,Web
T_C004_0106,C004,2026-08-14,17:14:00,Payment to Payee_C_C004,Payee_C_C004,111.0,Web
T_C003_0096,C003,2026-08-14,18:39:00,Payment to Payee_C_C003,Payee_C_C003,55.25,Web
T_C003_0095,C003,2026-08-14,18:59:00,Payment to Payee_C_C003,Payee_C_C003,133.49,Web
T_C005_0101,C005,2026-08-14,19:04:00,Payment to Payee_A_C005,Payee_A_C005,21.49,Web
T_C006_0099,C006,2026-08-14,19:56:00,Payment to Payee_A_C006,Payee_A_C006,26.53,Web
T_C003_0099,C003,2026-08-15,08:22:00,Payment to Payee_B_C003,Payee_B_C003,81.03,Web
T_C005_0105,C005,2026-08-15,09:08:00,Payment to Payee_B_C005,Payee_B_C005,22.22,Web
T_C004_0108,C004,2026-08-15,10:52:00,Payment to Payee_A_C004,Payee_A_C004,105.3,Web
T_C001_0081,C001,2026-08-15,12:02:00,Payment to Payee_A_C001,Payee_A_C001,10.5,Web
T_C007_0110,C007,2026-08-15,12:23:00,Payment to Payee_C_C007,Payee_C_C007,125.29,Web
T_C005_0104,C005,2026-08-15,12:28:00,Payment to Payee_B_C005,Payee_B_C005,60.39,Web
T_C006_0101,C006,2026-08-15,12:45:00,Payment to Payee_C_C006,Payee_C_C006,146.51,Web
T_C005_0103,C005,2026-08-15,13:23:00,Payment to Payee_A_C005,Payee_A_C005,24.92,Web
T_C004_0110,C004,2026-08-15,15:20:00,Payment to Payee_B_C004,Payee_B_C004,68.63,Web
T_C003_0100,C003,2026-08-15,15:28:00,Payment to Payee_B_C003,Payee_B_C003,15.27,Web
T_C002_0102,C002,2026-08-15,16:23:00,Payment to Payee_B_C002,Payee_B_C002,97.17,Web
T_C001_0083,C001,2026-08-15,16:45:00,Payment to Payee_A_C001,Payee_A_C001,69.88,Web
T_C004_0109,C004,2026-08-15,17:44:00,Payment to Payee_A_C004,Payee_A_C004,25.39,Web
T_C001_0082,C001,2026-08-15,18:16:00,Payment to Payee_B_C001,Payee_B_C001,32.62,Web
T_C003_0098,C003,2026-08-15,18:19:00,Payment to Payee_C_C003,Payee_C_C003,121.49,Web
T_C006_0100,C006,2026-08-15,20:27:00,Payment to Payee_A_C006,Payee_A_C006,48.08,Web
T_C005_0107,C005,2026-08-16,08:05:00,Payment to Payee_A_C005,Payee_A_C005,59.55,Web
T_C003_0101,C003,2026-08-16,09:41:00,Payment to Payee_A_C003,Payee_A_C003,131.0,Web
T_C007_0113,C007,2026-08-16,10:55:00,Payment to Payee_C_C007,Payee_C_C007,76.44,Web
T_C002_0104,C002,2026-08-16,10:59:00,Payment to Payee_C_C002,Payee_C_C002,50.32,Web
T_C007_0112,C007,2026-08-16,11:23:00,Payment to Payee_B_C007,Payee_B_C007,78.43,Web
T_C004_0111,C004,2026-08-16,14:32:00,Payment to Payee_B_C004,Payee_B_C004,118.5,Web
T_C002_0105,C002,2026-08-16,15:07:00,Payment to Payee_C_C002,Payee_C_C002,14.04,Web
T_C005_0106,C005,2026-08-16,16:35:00,Payment to Payee_A_C005,Payee_A_C005,81.74,Web
T_C003_0102,C003,2026-08-16,17:38:00,Payment to Payee_B_C003,Payee_B_C003,80.99,Web
T_C005_0108,C005,2026-08-16,17:38:00,Payment to Payee_B_C005,Payee_B_C005,119.82,Web
T_C007_0111,C007,2026-08-16,18:59:00,Payment to Payee_A_C007,Payee_A_C007,27.34,Web
T_C002_0103,C002,2026-08-16,20:03:00,Payment to Payee_C_C002,Payee_C_C002,38.5,Web
T_C007_0114,C007,2026-08-17,13:10:00,Payment to Payee_B_C007,Payee_B_C007,127.27,Web
T_C006_0102,C006,2026-08-17,15:32:00,Payment to Payee_B_C006,Payee_B_C006,60.42,Web
T_C006_0103,C006,2026-08-17,17:10:00,Payment to Payee_B_C006,Payee_B_C006,61.48,Web
T_C002_0106,C002,2026-08-17,19:10:00,Payment to Payee_A_C002,Payee_A_C002,53.51,Web
T_C007_0115,C007,2026-08-17,19:53:00,Payment to Payee_B_C007,Payee_B_C007,106.44,Web
T_C006_0104,C006,2026-08-17,20:06:00,Payment to Payee_C_C006,Payee_C_C006,135.2,Web
T_C002_0107,C002,2026-08-18,09:14:00,Payment to Payee_A_C002,Payee_A_C002,148.92,Web
T_C005_0109,C005,2026-08-18,14:24:00,Payment to Payee_C_C005,Payee_C_C005,119.08,Web
T_C003_0105,C003,2026-08-18,15:06:00,Payment to Payee_B_C003,Payee_B_C003,123.54,Web
T_C002_0108,C002,2026-08-18,15:07:00,Payment to Payee_A_C002,Payee_A_C002,100.68,Web
T_C002_0109,C002,2026-08-18,15:59:00,Payment to Payee_C_C002,Payee_C_C002,110.32,Web
T_C001_0084,C001,2026-08-18,16:02:00,Payment to Payee_C_C001,Payee_C_C001,126.84,Web
T_C004_0112,C004,2026-08-18,16:13:00,Payment to Payee_C_C004,Payee_C_C004,88.52,Web
T_C005_0110,C005,2026-08-18,16:57:00,Payment to Payee_A_C005,Payee_A_C005,148.98,Web
T_C003_0104,C003,2026-08-18,17:30:00,Payment to Payee_A_C003,Payee_A_C003,80.19,Web
T_C003_0103,C003,2026-08-18,20:36:00,Payment to Payee_B_C003,Payee_B_C003,101.26,Web
T_C007_0116,C007,2026-08-19,08:10:00,Payment to Payee_A_C007,Payee_A_C007,129.53,Web
T_C002_0111,C002,2026-08-19,11:29:00,Payment to Payee_B_C002,Payee_B_C002,87.18,Web
T_C007_0117,C007,2026-08-19,11:41:00,Payment to Payee_A_C007,Payee_A_C007,41.52,Web
T_C007_0118,C007,2026-08-19,12:41:00,Payment to Payee_A_C007,Payee_A_C007,67.33,Web
T_C004_0115,C004,2026-08-19,13:43:00,Payment to Payee_C_C004,Payee_C_C004,118.08,Web
T_C001_0085,C001,2026-08-19,14:08:00,Payment to Payee_B_C001,Payee_B_C001,15.86,Web
T_C002_0110,C002,2026-08-19,14:53:00,Payment to Payee_B_C002,Payee_B_C002,77.55,Web
T_C004_0114,C004,2026-08-19,15:58:00,Payment to Payee_C_C004,Payee_C_C004,84.64,Web
T_C004_0113,C004,2026-08-19,16:24:00,Payment to Payee_A_C004,Payee_A_C004,53.93,Web
T_C005_0111,C005,2026-08-19,18:24:00,Payment to Payee_B_C005,Payee_B_C005,33.73,Web
T_C006_0105,C006,2026-08-19,19:32:00,Payment to Payee_A_C006,Payee_A_C006,10.36,Web
T_C003_0106,C003,2026-08-20,08:15:00,Payment to Payee_B_C003,Payee_B_C003,109.07,Web
T_C006_0106,C006,2026-08-20,08:30:00,Payment to Payee_A_C006,Payee_A_C006,60.96,Web
T_C005_0112,C005,2026-08-20,12:31:00,Payment to Payee_A_C005,Payee_A_C005,30.43,Web
T_C004_0117,C004,2026-08-20,12:35:00,Payment to Payee_B_C004,Payee_B_C004,51.79,Web
T_C005_0113,C005,2026-08-20,14:17:00,Payment to Payee_B_C005,Payee_B_C005,68.95,Web
T_C004_0116,C004,2026-08-20,17:30:00,Payment to Payee_A_C004,Payee_A_C004,36.92,Web
T_C002_0112,C002,2026-08-20,17:32:00,Payment to Payee_A_C002,Payee_A_C002,114.48,Web
T_C006_0107,C006,2026-08-21,08:35:00,Payment to Payee_C_C006,Payee_C_C006,122.44,Web
T_C007_0119,C007,2026-08-21,10:41:00,Payment to Payee_A_C007,Payee_A_C007,34.25,Web
T_C007_0120,C007,2026-08-21,11:16:00,Payment to Payee_B_C007,Payee_B_C007,95.17,Web
T_C001_0086,C001,2026-08-21,11:43:00,Payment to Payee_A_C001,Payee_A_C001,44.93,Web
T_C003_0107,C003,2026-08-21,13:23:00,Payment to Payee_B_C003,Payee_B_C003,138.51,Web
T_C004_0119,C004,2026-08-21,13:30:00,Payment to Payee_C_C004,Payee_C_C004,58.83,Web
T_C001_0087,C001,2026-08-21,13:49:00,Payment to Payee_B_C001,Payee_B_C001,88.38,Web
T_C004_0118,C004,2026-08-21,19:13:00,Payment to Payee_B_C004,Payee_B_C004,106.63,Web
T_C007_0121,C007,2026-08-21,19:45:00,Payment to Payee_B_C007,Payee_B_C007,99.98,Web
T_C006_0108,C006,2026-08-22,11:20:00,Payment to Payee_C_C006,Payee_C_C006,44.76,Web
T_C001_0088,C001,2026-08-22,11:55:00,Payment to Payee_A_C001,Payee_A_C001,32.75,Web
T_C004_0120,C004,2026-08-22,12:07:00,Payment to Payee_C_C004,Payee_C_C004,90.29,Web
T_C005_0114,C005,2026-08-22,12:15:00,Payment to Payee_B_C005,Payee_B_C005,110.93,Web
T_C007_0123,C007,2026-08-22,12:43:00,Payment to Payee_C_C007,Payee_C_C007,82.89,Web
T_C003_0110,C003,2026-08-22,13:06:00,Payment to Payee_B_C003,Payee_B_C003,88.11,Web
T_C006_0110,C006,2026-08-22,13:07:00,Payment to Payee_A_C006,Payee_A_C006,80.29,Web
T_C006_0109,C006,2026-08-22,13:17:00,Payment to Payee_C_C006,Payee_C_C006,125.64,Web
T_C007_0122,C007,2026-08-22,13:29:00,Payment to Payee_B_C007,Payee_B_C007,45.28,Web
T_C007_0124,C007,2026-08-22,14:37:00,Payment to Payee_C_C007,Payee_C_C007,24.32,Web
T_C004_0121,C004,2026-08-22,14:57:00,Payment to Payee_B_C004,Payee_B_C004,147.22,Web
T_C005_0115,C005,2026-08-22,17:39:00,Payment to Payee_A_C005,Payee_A_C005,37.38,Web
T_C003_0108,C003,2026-08-22,20:21:00,Payment to Payee_A_C003,Payee_A_C003,105.05,Web
T_C002_0114,C002,2026-08-22,20:32:00,Payment to Payee_A_C002,Payee_A_C002,47.4,Web
T_C003_0109,C003,2026-08-22,20:40:00,Payment to Payee_A_C003,Payee_A_C003,100.62,Web
T_C002_0113,C002,2026-08-22,20:50:00,Payment to Payee_B_C002,Payee_B_C002,129.62,Web
T_C001_0089,C001,2026-08-23,08:11:00,Payment to Payee_B_C001,Payee_B_C001,113.12,Web
T_C003_0112,C003,2026-08-23,10:21:00,Payment to Payee_C_C003,Payee_C_C003,21.41,Web
T_C006_0111,C006,2026-08-23,11:51:00,Payment to Payee_A_C006,Payee_A_C006,82.21,Web
T_C005_0116,C005,2026-08-23,12:00:00,Payment to Payee_B_C005,Payee_B_C005,142.84,Web
T_C004_0122,C004,2026-08-23,12:02:00,Payment to Payee_C_C004,Payee_C_C004,50.27,Web
T_C007_0126,C007,2026-08-23,12:43:00,Payment to Payee_A_C007,Payee_A_C007,25.13,Web
T_C003_0111,C003,2026-08-23,12:46:00,Payment to Payee_C_C003,Payee_C_C003,129.22,Web
T_C007_0125,C007,2026-08-23,16:41:00,Payment to Payee_B_C007,Payee_B_C007,93.13,Web
T_C002_0116,C002,2026-08-23,18:31:00,Payment to Payee_B_C002,Payee_B_C002,131.14,Web
T_C002_0115,C002,2026-08-23,19:19:00,Payment to Payee_C_C002,Payee_C_C002,127.25,Web
T_C001_0091,C001,2026-08-23,19:51:00,Payment to Payee_A_C001,Payee_A_C001,44.74,Web
T_C001_0090,C001,2026-08-23,20:59:00,Payment to Payee_C_C001,Payee_C_C001,67.64,Web
T_C006_0112,C006,2026-08-24,09:56:00,Payment to Payee_B_C006,Payee_B_C006,75.11,Web
T_C007_0127,C007,2026-08-24,12:40:00,Payment to Payee_B_C007,Payee_B_C007,55.52,Web
T_C007_0128,C007,2026-08-24,12:41:00,Payment to Payee_C_C007,Payee_C_C007,109.55,Web
T_C003_0113,C003,2026-08-24,13:19:00,Payment to Payee_C_C003,Payee_C_C003,145.48,Web
T_C002_0117,C002,2026-08-24,13:21:00,Payment to Payee_C_C002,Payee_C_C002,87.27,Web
T_C002_0118,C002,2026-08-24,14:29:00,Payment to Payee_A_C002,Payee_A_C002,140.6,Web
T_C005_0118,C005,2026-08-24,14:52:00,Payment to Payee_C_C005,Payee_C_C005,125.29,Web
T_C006_0114,C006,2026-08-24,16:29:00,Payment to Payee_A_C006,Payee_A_C006,11.12,Web
T_C005_0119,C005,2026-08-24,17:08:00,Payment to Payee_C_C005,Payee_C_C005,52.06,Web
T_C002_0119,C002,2026-08-24,19:15:00,Payment to Payee_A_C002,Payee_A_C002,90.05,Web
T_C006_0113,C006,2026-08-24,20:54:00,Payment to Payee_A_C006,Payee_A_C006,53.5,Web
T_C005_0117,C005,2026-08-24,20:55:00,Payment to Payee_B_C005,Payee_B_C005,56.14,Web
T_C002_0120,C002,2026-08-25,08:20:00,Payment to Payee_C_C002,Payee_C_C002,114.26,Web
T_C007_0130,C007,2026-08-25,08:51:00,Payment to Payee_C_C007,Payee_C_C007,130.02,Web
T_C001_0092,C001,2026-08-25,08:54:00,Payment to Payee_A_C001,Payee_A_C001,75.9,Web
T_C003_0114,C003,2026-08-25,10:38:00,Payment to Payee_A_C003,Payee_A_C003,109.24,Web
T_C003_0116,C003,2026-08-25,10:42:00,Payment to Payee_C_C003,Payee_C_C003,108.4,Web
T_C001_0094,C001,2026-08-25,11:01:00,Payment to Payee_B_C001,Payee_B_C001,102.4,Web
T_C007_0129,C007,2026-08-25,11:09:00,Payment to Payee_A_C007,Payee_A_C007,82.42,Web
T_C004_0124,C004,2026-08-25,11:12:00,Payment to Payee_B_C004,Payee_B_C004,125.91,Web
T_C006_0116,C006,2026-08-25,11:29:00,Payment to Payee_B_C006,Payee_B_C006,61.56,Web
T_C003_0115,C003,2026-08-25,12:35:00,Payment to Payee_B_C003,Payee_B_C003,62.74,Web
T_C005_0120,C005,2026-08-25,15:20:00,Payment to Payee_B_C005,Payee_B_C005,34.87,Web
T_C001_0093,C001,2026-08-25,15:22:00,Payment to Payee_A_C001,Payee_A_C001,52.73,Web
T_C004_0123,C004,2026-08-25,15:41:00,Payment to Payee_B_C004,Payee_B_C004,45.9,Web
T_C006_0115,C006,2026-08-25,17:50:00,Payment to Payee_C_C006,Payee_C_C006,52.55,Web
T_C002_0121,C002,2026-08-25,20:24:00,Payment to Payee_C_C002,Payee_C_C002,64.05,Web
T_C002_0122,C002,2026-08-25,20:52:00,Payment to Payee_A_C002,Payee_A_C002,101.28,Web
T_C002_0123,C002,2026-08-26,08:08:00,Payment to Payee_C_C002,Payee_C_C002,80.32,Web
T_C007_0132,C007,2026-08-26,08:41:00,Payment to Payee_B_C007,Payee_B_C007,79.63,Web
T_C002_0125,C002,2026-08-26,09:33:00,Payment to Payee_A_C002,Payee_A_C002,137.46,Web
T_C004_0125,C004,2026-08-26,10:06:00,Payment to Payee_C_C004,Payee_C_C004,96.19,Web
T_C004_0126,C004,2026-08-26,11:15:00,Payment to Payee_C_C004,Payee_C_C004,17.11,Web
T_C005_0121,C005,2026-08-26,12:47:00,Payment to Payee_B_C005,Payee_B_C005,107.29,Web
T_C001_0095,C001,2026-08-26,12:55:00,Payment to Payee_B_C001,Payee_B_C001,19.72,Web
T_C007_0133,C007,2026-08-26,12:58:00,Payment to Payee_B_C007,Payee_B_C007,68.6,Web
T_C001_0096,C001,2026-08-26,13:41:00,Payment to Payee_C_C001,Payee_C_C001,81.32,Web
T_C002_0124,C002,2026-08-26,13:55:00,Payment to Payee_B_C002,Payee_B_C002,24.05,Web
T_C005_0122,C005,2026-08-26,17:50:00,Payment to Payee_B_C005,Payee_B_C005,43.94,Web
T_C007_0131,C007,2026-08-26,18:20:00,Payment to Payee_C_C007,Payee_C_C007,105.31,Web
T_C006_0117,C006,2026-08-26,19:57:00,Payment to Payee_A_C006,Payee_A_C006,86.52,Web
T_C001_0097,C001,2026-08-27,08:07:00,Payment to Payee_B_C001,Payee_B_C001,132.79,Web
T_C006_0118,C006,2026-08-27,08:59:00,Payment to Payee_A_C006,Payee_A_C006,67.41,Web
T_C003_0118,C003,2026-08-27,10:13:00,Payment to Payee_B_C003,Payee_B_C003,57.84,Web
T_C001_0098,C001,2026-08-27,10:37:00,Payment to Payee_B_C001,Payee_B_C001,144.75,Web
T_C003_0119,C003,2026-08-27,11:14:00,Payment to Payee_A_C003,Payee_A_C003,150.0,Web
T_C005_0124,C005,2026-08-27,11:37:00,Payment to Payee_A_C005,Payee_A_C005,149.62,Web
T_C002_0126,C002,2026-08-27,14:55:00,Payment to Payee_A_C002,Payee_A_C002,101.67,Web
T_C003_0117,C003,2026-08-27,16:23:00,Payment to Payee_B_C003,Payee_B_C003,12.55,Web
T_C004_0127,C004,2026-08-27,18:14:00,Payment to Payee_B_C004,Payee_B_C004,17.35,Web
T_C005_0123,C005,2026-08-27,20:25:00,Payment to Payee_C_C005,Payee_C_C005,61.1,Web
T_C004_0129,C004,2026-08-28,08:35:00,Payment to Payee_A_C004,Payee_A_C004,146.91,Web
T_C006_0120,C006,2026-08-28,13:00:00,Payment to Payee_B_C006,Payee_B_C006,116.25,Web
T_C007_0134,C007,2026-08-28,13:46:00,Payment to Payee_C_C007,Payee_C_C007,109.87,Web
T_C006_0119,C006,2026-08-28,18:53:00,Payment to Payee_A_C006,Payee_A_C006,107.08,Web
T_C004_0128,C004,2026-08-28,19:30:00,Payment to Payee_A_C004,Payee_A_C004,24.08,Web
T_C006_0121,C006,2026-08-29,09:13:00,Payment to Payee_A_C006,Payee_A_C006,84.17,Web
T_C007_0137,C007,2026-08-29,09:30:00,Payment to Payee_B_C007,Payee_B_C007,27.91,Web
T_C004_0132,C004,2026-08-29,13:18:00,Payment to Payee_A_C004,Payee_A_C004,100.43,Web
T_C006_0122,C006,2026-08-29,14:31:00,Payment to Payee_A_C006,Payee_A_C006,144.57,Web
T_C002_0128,C002,2026-08-29,14:41:00,Payment to Payee_B_C002,Payee_B_C002,21.24,Web
T_C004_0131,C004,2026-08-29,15:41:00,Payment to Payee_B_C004,Payee_B_C004,37.92,Web
T_C007_0135,C007,2026-08-29,18:22:00,Payment to Payee_A_C007,Payee_A_C007,81.02,Web
T_C005_0127,C005,2026-08-29,18:31:00,Payment to Payee_B_C005,Payee_B_C005,29.49,Web
T_C002_0129,C002,2026-08-29,18:54:00,Payment to Payee_B_C002,Payee_B_C002,84.71,Web
T_C007_0136,C007,2026-08-29,18:56:00,Payment to Payee_B_C007,Payee_B_C007,88.15,Web
T_C004_0130,C004,2026-08-29,18:59:00,Payment to Payee_B_C004,Payee_B_C004,133.29,Web
T_C005_0126,C005,2026-08-29,19:04:00,Payment to Payee_B_C005,Payee_B_C005,124.66,Web
T_C005_0125,C005,2026-08-29,19:13:00,Payment to Payee_B_C005,Payee_B_C005,71.38,Web
T_C003_0121,C003,2026-08-29,19:56:00,Payment to Payee_C_C003,Payee_C_C003,83.71,Web
T_C003_0120,C003,2026-08-29,20:06:00,Payment to Payee_C_C003,Payee_C_C003,81.08,Web
T_C002_0127,C002,2026-08-29,20:16:00,Payment to Payee_C_C002,Payee_C_C002,57.4,Web
T_C006_0123,C006,2026-08-30,09:02:00,Payment to Payee_C_C006,Payee_C_C006,138.98,Web
T_C003_0123,C003,2026-08-30,10:10:00,Payment to Payee_C_C003,Payee_C_C003,35.32,Web
T_C001_0101,C001,2026-08-30,11:16:00,Payment to Payee_B_C001,Payee_B_C001,16.21,Web
T_C005_0128,C005,2026-08-30,12:42:00,Payment to Payee_B_C005,Payee_B_C005,31.58,Web
T_C001_0099,C001,2026-08-30,13:46:00,Payment to Payee_B_C001,Payee_B_C001,120.1,Web
T_C006_0124,C006,2026-08-30,14:44:00,Payment to Payee_B_C006,Payee_B_C006,135.38,Web
T_C002_0130,C002,2026-08-30,16:02:00,Payment to Payee_A_C002,Payee_A_C002,96.44,Web
T_C004_0133,C004,2026-08-30,16:47:00,Payment to Payee_A_C004,Payee_A_C004,111.24,Web
T_C001_0100,C001,2026-08-30,17:32:00,Payment to Payee_C_C001,Payee_C_C001,26.19,Web
T_C002_0131,C002,2026-08-30,18:43:00,Payment to Payee_A_C002,Payee_A_C002,138.93,Web
T_C007_0138,C007,2026-08-30,18:57:00,Payment to Payee_A_C007,Payee_A_C007,56.99,Web
T_C002_0132,C002,2026-08-30,19:05:00,Payment to Payee_A_C002,Payee_A_C002,70.76,Web
T_C003_0122,C003,2026-08-30,20:39:00,Payment to Payee_B_C003,Payee_B_C003,28.35,Web
T_C005_0129,C005,2026-08-31,09:28:00,Payment to Payee_B_C005,Payee_B_C005,148.7,Web
T_C007_0139,C007,2026-08-31,13:14:00,Payment to Payee_B_C007,Payee_B_C007,114.19,Web
T_C005_0131,C005,2026-08-31,14:34:00,Payment to Payee_B_C005,Payee_B_C005,15.15,Web
T_C004_0134,C004,2026-08-31,14:56:00,Payment to Payee_A_C004,Payee_A_C004,127.26,Web
T_C005_0130,C005,2026-08-31,17:25:00,Payment to Payee_C_C005,Payee_C_C005,84.81,Web
T_C003_0124,C003,2026-08-31,19:28:00,Payment to Payee_B_C003,Payee_B_C003,16.12,Web
T_C002_0134,C002,2026-09-01,08:20:00,Payment to Payee_B_C002,Payee_B_C002,121.46,Web
T_C002_0133,C002,2026-09-01,10:44:00,Payment to Payee_A_C002,Payee_A_C002,51.93,Web
T_C004_0136,C004,2026-09-01,12:56:00,Payment to Payee_B_C004,Payee_B_C004,15.25,Web
T_C002_0135,C002,2026-09-01,13:23:00,Payment to Payee_A_C002,Payee_A_C002,70.3,Web
T_C001_0102,C001,2026-09-01,13:27:00,Payment to Payee_C_C001,Payee_C_C001,19.8,Web
T_C007_0142,C007,2026-09-01,15:03:00,Payment to Payee_C_C007,Payee_C_C007,131.3,Web
T_C003_0125,C003,2026-09-01,15:39:00,Payment to Payee_C_C003,Payee_C_C003,49.89,Web
T_C007_0141,C007,2026-09-01,17:18:00,Payment to Payee_A_C007,Payee_A_C007,74.93,Web
T_C004_0137,C004,2026-09-01,17:38:00,Payment to Payee_B_C004,Payee_B_C004,25.02,Web
T_C004_0135,C004,2026-09-01,20:31:00,Payment to Payee_C_C004,Payee_C_C004,36.08,Web
T_C007_0140,C007,2026-09-01,20:56:00,Payment to Payee_B_C007,Payee_B_C007,56.38,Web
T_C002_0137,C002,2026-09-02,10:05:00,Payment to Payee_B_C002,Payee_B_C002,95.33,Web
T_C004_0139,C004,2026-09-02,10:54:00,Payment to Payee_B_C004,Payee_B_C004,80.59,Web
T_C003_0127,C003,2026-09-02,11:23:00,Payment to Payee_C_C003,Payee_C_C003,104.96,Web
T_C003_0126,C003,2026-09-02,11:34:00,Payment to Payee_B_C003,Payee_B_C003,43.48,Web
T_C003_0128,C003,2026-09-02,15:29:00,Payment to Payee_B_C003,Payee_B_C003,117.72,Web
T_C004_0138,C004,2026-09-02,15:41:00,Payment to Payee_B_C004,Payee_B_C004,86.06,Web
T_C001_0103,C001,2026-09-02,17:20:00,Payment to Payee_A_C001,Payee_A_C001,102.87,Web
T_C002_0136,C002,2026-09-02,17:43:00,Payment to Payee_A_C002,Payee_A_C002,120.95,Web
T_C002_0138,C002,2026-09-02,17:43:00,Payment to Payee_C_C002,Payee_C_C002,43.72,Web
T_C006_0125,C006,2026-09-02,18:52:00,Payment to Payee_C_C006,Payee_C_C006,65.21,Web
T_C001_0104,C001,2026-09-02,19:57:00,Payment to Payee_B_C001,Payee_B_C001,52.05,Web
T_C007_0145,C007,2026-09-03,10:08:00,Payment to Payee_B_C007,Payee_B_C007,148.93,Web
T_C001_0106,C001,2026-09-03,10:12:00,Payment to Payee_B_C001,Payee_B_C001,68.86,Web
T_C003_0129,C003,2026-09-03,10:52:00,Payment to Payee_C_C003,Payee_C_C003,37.96,Web
T_C003_0130,C003,2026-09-03,10:55:00,Payment to Payee_C_C003,Payee_C_C003,45.0,Web
T_C002_0139,C002,2026-09-03,11:29:00,Payment to Payee_B_C002,Payee_B_C002,99.31,Web
T_C007_0143,C007,2026-09-03,11:32:00,Payment to Payee_C_C007,Payee_C_C007,26.77,Web
T_C001_0105,C001,2026-09-03,13:25:00,Payment to Payee_C_C001,Payee_C_C001,107.61,Web
T_C007_0144,C007,2026-09-03,14:33:00,Payment to Payee_A_C007,Payee_A_C007,51.77,Web
T_C003_0131,C003,2026-09-03,15:55:00,Payment to Payee_A_C003,Payee_A_C003,61.97,Web
T_C005_0132,C005,2026-09-03,18:42:00,Payment to Payee_C_C005,Payee_C_C005,59.7,Web
T_C001_0107,C001,2026-09-03,18:47:00,Payment to Payee_C_C001,Payee_C_C001,136.39,Web
T_C004_0140,C004,2026-09-03,20:07:00,Payment to Payee_C_C004,Payee_C_C004,56.3,Web
T_C006_0130,C006,2026-09-04,02:00:00,Transfer to Unknown_Crypto_Exchange,Unknown_Crypto_Exchange,946.62,Mobile_API
T_C006_0131,C006,2026-09-04,02:05:00,Transfer to Unknown_Crypto_Exchange,Unknown_Crypto_Exchange,949.31,Mobile_API
T_C006_0132,C006,2026-09-04,02:10:00,Transfer to Unknown_Crypto_Exchange,Unknown_Crypto_Exchange,1039.82,Mobile_API
T_C006_0133,C006,2026-09-04,02:15:00,Transfer to Unknown_Crypto_Exchange,Unknown_Crypto_Exchange,1021.95,Mobile_API
T_C007_0150,C007,2026-09-04,03:00:00,Transfer to Unknown_Crypto_Exchange,Unknown_Crypto_Exchange,962.81,Mobile_API
T_C007_0151,C007,2026-09-04,03:05:00,Transfer to Unknown_Crypto_Exchange,Unknown_Crypto_Exchange,1132.06,Mobile_API
T_C007_0152,C007,2026-09-04,03:10:00,Transfer to Unknown_Crypto_Exchange,Unknown_Crypto_Exchange,1072.88,Mobile_API
T_C007_0153,C007,2026-09-04,03:15:00,Transfer to Unknown_Crypto_Exchange,Unknown_Crypto_Exchange,947.53,Mobile_API
T_C005_0136,C005,2026-09-04,04:00:00,Transfer to Unknown_Crypto_Exchange,Unknown_Crypto_Exchange,1072.57,Mobile_API
T_C005_0137,C005,2026-09-04,04:05:00,Transfer to Unknown_Crypto_Exchange,Unknown_Crypto_Exchange,1033.73,Mobile_API
T_C005_0138,C005,2026-09-04,04:10:00,Transfer to Unknown_Crypto_Exchange,Unknown_Crypto_Exchange,1017.34,Mobile_API
T_C005_0139,C005,2026-09-04,04:15:00,Transfer to Unknown_Crypto_Exchange,Unknown_Crypto_Exchange,1131.7,Mobile_API
T_C007_0147,C007,2026-09-04,10:20:00,Payment to Payee_A_C007,Payee_A_C007,130.74,Web
T_C001_0109,C001,2026-09-04,12:13:00,Payment to Payee_C_C001,Payee_C_C001,70.18,Web
T_C002_0141,C002,2026-09-04,12:43:00,Payment to Payee_A_C002,Payee_A_C002,86.52,Web
T_C006_0127,C006,2026-09-04,13:59:00,Payment to Payee_C_C006,Payee_C_C006,122.11,Web
T_C001_0108,C001,2026-09-04,14:35:00,Payment to Payee_B_C001,Payee_B_C001,126.72,Web
T_C007_0146,C007,2026-09-04,17:57:00,Payment to Payee_B_C007,Payee_B_C007,136.93,Web
T_C002_0140,C002,2026-09-04,18:00:00,Payment to Payee_B_C002,Payee_B_C002,135.85,Web
T_C006_0126,C006,2026-09-04,18:08:00,Payment to Payee_B_C006,Payee_B_C006,43.15,Web
T_C004_0141,C004,2026-09-04,18:16:00,Payment to Payee_A_C004,Payee_A_C004,110.6,Web
T_C004_0143,C004,2026-09-04,18:48:00,Payment to Payee_C_C004,Payee_C_C004,37.04,Web
T_C006_0128,C006,2026-09-04,19:20:00,Payment to Payee_B_C006,Payee_B_C006,54.53,Web
T_C004_0142,C004,2026-09-04,19:21:00,Payment to Payee_C_C004,Payee_C_C004,120.71,Web
T_C007_0148,C007,2026-09-04,20:05:00,Payment to Payee_C_C007,Payee_C_C007,78.26,Web
T_C005_0134,C005,2026-09-05,09:00:00,Payment to Payee_A_C005,Payee_A_C005,23.8,Web
T_C006_0129,C006,2026-09-05,09:12:00,Payment to Payee_C_C006,Payee_C_C006,29.06,Web
T_C003_0132,C003,2026-09-05,09:48:00,Payment to Payee_B_C003,Payee_B_C003,32.44,Web
T_C002_0144,C002,2026-09-05,11:24:00,Payment to Payee_A_C002,Payee_A_C002,129.47,Web
T_C002_0142,C002,2026-09-05,13:37:00,Payment to Payee_B_C002,Payee_B_C002,51.88,Web
T_C007_0149,C007,2026-09-05,13:40:00,Payment to Payee_B_C007,Payee_B_C007,18.12,Web
T_C004_0144,C004,2026-09-05,14:32:00,Payment to Payee_B_C004,Payee_B_C004,55.91,Web
T_C004_0146,C004,2026-09-05,15:20:00,Payment to Payee_A_C004,Payee_A_C004,141.02,Web
T_C001_0110,C001,2026-09-05,15:28:00,Payment to Payee_A_C001,Payee_A_C001,71.9,Web
T_C003_0133,C003,2026-09-05,16:09:00,Payment to Payee_A_C003,Payee_A_C003,126.35,Web
T_C001_0111,C001,2026-09-05,16:30:00,Payment to Payee_C_C001,Payee_C_C001,121.12,Web
T_C005_0135,C005,2026-09-05,16:47:00,Payment to Payee_C_C005,Payee_C_C005,82.63,Web
T_C004_0145,C004,2026-09-05,18:06:00,Payment to Payee_A_C004,Payee_A_C004,35.87,Web
T_C002_0143,C002,2026-09-05,19:16:00,Payment to Payee_B_C002,Payee_B_C002,73.96,Web
T_C005_0133,C005,2026-09-05,20:21:00,Payment to Payee_B_C005,Payee_B_C005,145.2,Web
